,MDT-O ,Object,Set #,Notes,notes2,hash
0,001a_2.jpg,tulips,1,,save,001-1
1,001b_2.jpg,tulips,1,,save,001-1
2,002a_2.jpg,blue pom pom,1,,save,002-1
3,002b_2.jpg,yellow pom pom,1,,save,002-1
4,003a_2.jpg,for sale by owner sign,1,,save,003-1
5,003b_2.jpg,house for sale sign,1,,save,003-1
6,004a_1.jpg,thimble,1,,save,004-1
7,004b_1.jpg,thimble,1,,save,004-1
8,005a_2.jpg,atm,1,,save,005-1
9,005b_2.jpg,atm,1,,save,005-1
10,006a_1.jpg,flash light,1,,save,006-1
11,006b_1.jpg,flash light,1,,save,006-1
12,007a_2.jpg,eye glasses,1,,save,007-1
13,007b_2.jpg,eye glasses,1,,save,007-1
14,008a_1.jpg,computer,1,,save,008-1
15,008b_1.jpg,computer,1,,save,008-1
16,009a_1.jpg,calculator,1,,save,009-1
17,009b_1.jpg,calculator,1,,save,009-1
18,010a_2.jpg,paper lantern,1,,save,010-1
19,010b_2.jpg,paper lantern,1,,save,010-1
20,011a_1.jpg,wrench,1,,save,011-1
21,011b_1.jpg,wrench,1,,save,011-1
22,012a_2.jpg,staple remover,1,,save,012-1
23,012b_2.jpg,staple remover,1,,save,012-1
24,013a_1.jpg,neck pillow,1,,save,013-1
25,013b_1.jpg,neck pillow,1,,save,013-1
26,014a_2.jpg,wheelchair,1,,save,014-1
27,014b_2.jpg,wheelchair,1,,save,014-1
28,015a_1.jpg,vhs tape,1,,save,015-1
29,015b_1.jpg,vhs tape,1,,save,015-1
30,016a_1.jpg,pie,1,,save,016-1
31,016b_1.jpg,pie,1,,save,016-1
32,017a_1.jpg,pillow,1,,save,017-1
33,017b_1.jpg,pillow,1,,save,017-1
34,018a_1.jpg,rocket,1,,save,018-1
35,018b_1.jpg,rocket,1,,save,018-1
36,019a_2.jpg,on/off  switch,1,,save,019-1
37,019b_2.jpg,on/off  switch,1,,save,019-1
38,020a_1.jpg,boxes,1,,save,020-1
39,020b_1.jpg,boxes,1,,save,020-1
40,021a_2.jpg,armor,1,,save,021-1
41,021b_2.jpg,armor,1,,save,021-1
42,022a_2.jpg,straw,1,,save,022-1
43,022b_2.jpg,straw,1,,save,022-1
44,023a_2.jpg,shrimp,1,,save,023-1
45,023b_2.jpg,shrimp,1,,save,023-1
46,024a_2.jpg,hockey stick,1,,save,024-1
47,024b_2.jpg,hockey stick,1,,save,024-1
48,025a_1.jpg,pumpkin,1,,save,025-1
49,025b_1.jpg,pumpkin,1,,save,025-1
50,026a_1.jpg,suitcase,1,,save,026-1
51,026b_1.jpg,suitcase,1,,save,026-1
52,027a_2.jpg,refrigerate,1,,save,027-1
53,027b_2.jpg,refrigerate,1,,save,027-1
54,028a_1.jpg,tray,1,,save,028-1
55,028b_1.jpg,tray,1,,save,028-1
56,029a_2.jpg,hamster cage,1,,save,029-1
57,029b_2.jpg,hamster cage,1,,save,029-1
58,030a_1.jpg,jump rope,1,,save,030-1
59,030b_1.jpg,jump rope,1,,save,030-1
60,031a_2.jpg,ipod,1,,save,031-1
61,031b_2.jpg,ipod,1,,save,031-1
62,032a_1.jpg,cake,1,,save,032-1
63,032b_1.jpg,cake,1,,save,032-1
64,033a_2.jpg,monopoly,1,,save,033-1
65,033b_2.jpg,monopoly,1,,save,033-1
66,034a_2.jpg,thermostat,1,,save,034-1
67,034b_2.jpg,thermostat,1,,save,034-1
68,035a_2.jpg,pumpkin pie,1,,save,035-1
69,035b_2.jpg,pumpkin pie,1,,save,035-1
70,036a_1.jpg,bulldozer,1,,save,036-1
71,036b_1.jpg,bulldozer,1,,save,036-1
72,037a_1.jpg,soap dispenser,1,,save,037-1
73,037b_1.jpg,soap dispenser,1,,save,037-1
74,038a_2.jpg,cinnamon roll,1,,save,038-1
75,038b_2.jpg,cinnamon roll,1,,save,038-1
76,039a_2.jpg,giraffe,1,,save,039-1
77,039b_2.jpg,giraffe,1,,save,039-1
78,040a_2.jpg,feather,1,,save,040-1
79,040b_2.jpg,feather,1,,save,040-1
80,041a_1.jpg,cookie,1,,save,041-1
81,041b_1.jpg,cookie,1,,save,041-1
82,042a_2.jpg,lantern,1,,save,042-1
83,042b_2.jpg,lantern,1,,save,042-1
84,043a_1.jpg,disco ball,1,,save,043-1
85,043b_1.jpg,disco ball,1,,save,043-1
86,044a_2.jpg,funnel,1,,save,044-1
87,044b_2.jpg,funnel,1,,save,044-1
88,045a_1.jpg,drum set,1,,save,045-1
89,045b_1.jpg,drum set,1,,save,045-1
90,046a_2.jpg,nail,1,,save,046-1
91,046b_2.jpg,nail,1,,save,046-1
92,047a_1.jpg,graduation cap,1,,save,047-1
93,047b_1.jpg,graduation cap,1,,save,047-1
94,048a_1.jpg,spork,1,,save,048-1
95,048b_1.jpg,spork,1,,save,048-1
96,049a_1.jpg,broom,1,,save,049-1
97,049b_1.jpg,broom,1,,save,049-1
98,050a_1.jpg,hoop earrings,1,,save,050-1
99,050b_1.jpg,hoop earrings,1,,save,050-1
100,051a_1.jpg,magnifying glass,1,,save,051-1
101,051b_1.jpg,magnifying glass,1,,save,051-1
102,052a_2.jpg,mask,1,,save,052-1
103,052b_2.jpg,mask,1,,save,052-1
104,053a_1.jpg,stroller,1,,save,053-1
105,053b_1.jpg,stroller,1,,save,053-1
106,054a_2.jpg,strawberry,1,,save,054-1
107,054b_2.jpg,strawberry,1,,save,054-1
108,055a_2.jpg,cheese grater,1,,save,055-1
109,055b_2.jpg,cheese grater,1,,save,055-1
110,056a_2.jpg,seahorse,1,,save,056-1
111,056b_2.jpg,seahorse,1,,save,056-1
112,057a_1.jpg,files,1,,save,057-1
113,057b_1.jpg,files,1,,save,057-1
114,058a_2.jpg,febreze,1,,save,058-1
115,058b_2.jpg,febreze,1,,save,058-1
116,059a_1.jpg,bag clip,1,,save,059-1
117,059b_1.jpg,bag clip,1,,save,059-1
118,060a_1.jpg,buddha statue,1,,save,060-1
119,060b_1.jpg,buddha statue,1,,save,060-1
120,061a_1.jpg,cuticle cutters,1,,save,061-1
121,061b_1.jpg,cuticle cutters,1,,save,061-1
122,062a_2.jpg,paper clip,1,,save,062-1
123,062b_2.jpg,paper clip,1,,save,062-1
124,063a_2.jpg,asparagus,1,,save,063-1
125,063b_2.jpg,asparagus,1,,save,063-1
126,064a_2.jpg,football goal,1,,save,064-1
127,064b_2.jpg,football goal,1,,save,064-1
128,065a_1.jpg,penguin,1,,save,065-1
129,065b_1.jpg,penguin,1,,save,065-1
130,066a_1.jpg,axe,1,,save,066-1
131,066b_1.jpg,axe,1,,save,066-1
132,067a_1.jpg,measuring cup,1,,save,067-1
133,067b_1.jpg,measuring cup,1,,save,067-1
134,068a_2.jpg,toolbox,1,,save,068-1
135,068b_2.jpg,toolbox,1,,save,068-1
136,069a_2.jpg,lable maker,1,,save,069-1
137,069b_2.jpg,lable maker,1,,save,069-1
138,070a_2.jpg,baloons,1,,save,070-1
139,070b_2.jpg,baloons,1,,save,070-1
140,071a_1.jpg,chair,1,,save,071-1
141,071b_1.jpg,chair,1,,save,071-1
142,072a_1.jpg,hair dryer,1,,save,072-1
143,072b_1.jpg,hair dryer,1,,save,072-1
144,073a_2.jpg,erlenmyer flask,1,,save,073-1
145,073b_2.jpg,erlenmyer flask,1,,save,073-1
146,074a_2.jpg,dish brush,1,,save,074-1
147,074b_2.jpg,dish brush,1,,save,074-1
148,075a_1.jpg,bloody mary,1,,save,075-1
149,075b_1.jpg,bloody mary,1,,save,075-1
150,076a_2.jpg,baseball,1,,save,076-1
151,076b_2.jpg,baseball,1,,save,076-1
152,077a_2.jpg,doorknob,1,,save,077-1
153,077b_2.jpg,doorknob,1,,save,077-1
154,078a_1.jpg,cabinet,1,,save,078-1
155,078b_1.jpg,cabinet,1,,save,078-1
156,079a_1.jpg,3d glasses,1,,save,079-1
157,079b_1.jpg,3d glasses,1,,save,079-1
158,080a_2.jpg,chisel,1,,save,080-1
159,080b_2.jpg,chisel,1,,save,080-1
160,081a_1.jpg,jack in the box,1,,save,081-1
161,081b_1.jpg,jack in the box,1,,save,081-1
162,082a_1.jpg,gas pump,1,,save,082-1
163,082b_1.jpg,gas pump,1,,save,082-1
164,083a_1.jpg,platter,1,,save,083-1
165,083b_1.jpg,platter,1,,save,083-1
166,084a_1.jpg,car antenna,1,,save,084-1
167,084b_1.jpg,car antenna,1,,save,084-1
168,085a_2.jpg,keyboard,1,,save,085-1
169,085b_2.jpg,keyboard,1,,save,085-1
170,086a_1.jpg,dish washer,1,,save,086-1
171,086b_1.jpg,dish washer,1,,save,086-1
172,087a_2.jpg,fruit loops,1,,save,087-1
173,087b_2.jpg,fruit loops,1,,save,087-1
174,088a_1.jpg,runner starting block,1,,save,088-1
175,088b_1.jpg,runner starting block,1,,save,088-1
176,089a_1.jpg,bassoon,1,,save,089-1
177,089b_1.jpg,bassoon,1,,save,089-1
178,090a_1.jpg,soccer goal,1,,save,090-1
179,090b_1.jpg,soccer goal,1,,save,090-1
180,091a_2.jpg,power strip,1,,save,091-1
181,091b_2.jpg,power strip,1,,save,091-1
182,092a_1.jpg,fork lift,1,,save,092-1
183,092b_1.jpg,fork lift,1,,save,092-1
184,093a_2.jpg,shower curtain hangers,1,,save,093-1
185,093b_2.jpg,shower curtain hangers,1,,save,093-1
186,094a_1.jpg,lamp,1,,save,094-1
187,094b_1.jpg,lamp,1,,save,094-1
188,095a_2.jpg,benchpress table,1,,save,095-1
189,095b_2.jpg,benchpress table,1,,save,095-1
190,096a_1.jpg,weights,1,,save,096-1
191,096b_1.jpg,weights,1,,save,096-1
192,097a_1.jpg,jeans,1,,save,097-1
193,097b_1.jpg,jeans,1,,save,097-1
194,098a_1.jpg,ice-cube tray,1,,save,098-1
195,098b_1.jpg,ice-cube tray,1,,save,098-1
196,099a_2.jpg,mail slot,1,,save,099-1
197,099b_2.jpg,mail slot,1,,save,099-1
198,100a_2.jpg,spray bottle,1,,save,100-1
199,100b_2.jpg,spray bottle,1,,save,100-1
200,101a_2.jpg,heart keychain,1,,save,101-1
201,101b_2.jpg,heart keychain,1,,save,101-1
202,102a_1.jpg,record,1,,save,102-1
203,102b_1.jpg,record,1,,save,102-1
204,103a_1.jpg,microwave,1,,save,103-1
205,103b_1.jpg,microwave,1,,save,103-1
206,104a_1.jpg,tractor,1,,save,104-1
207,104b_1.jpg,tractor,1,,save,104-1
208,105a_1.jpg,garden gloves,1,,save,105-1
209,105b_1.jpg,garden gloves,1,,save,105-1
210,106a_2.jpg,chocolate popsicle,1,,save,106-1
211,106b_2.jpg,chocolate popsicle,1,,save,106-1
212,107a_2.jpg,paint brush,1,,save,107-1
213,107b_2.jpg,paint brush,1,,save,107-1
214,108a_1.jpg,soccer ball,1,,save,108-1
215,108b_1.jpg,soccer ball,1,,save,108-1
216,109a_1.jpg,stairs,1,,save,109-1
217,109b_1.jpg,stairs,1,,save,109-1
218,110a_2.jpg,iphone,1,,save,110-1
219,110b_2.jpg,iphone,1,,save,110-1
220,111a_1.jpg,butter,1,,save,111-1
221,111b_1.jpg,butter,1,,save,111-1
222,112a_1.jpg,belt,1,,save,112-1
223,112b_1.jpg,belt,1,,save,112-1
224,113a_2.jpg,ruler,1,,save,113-1
225,113b_2.jpg,ruler,1,,save,113-1
226,114a_1.jpg,clarinet,1,,save,114-1
227,114b_1.jpg,clarinet,1,,save,114-1
228,115a_2.jpg,confetti,1,,save,115-1
229,115b_2.jpg,confetti,1,,save,115-1
230,116a_2.jpg,suit,1,,save,116-1
231,116b_2.jpg,suit,1,,save,116-1
232,117a_2.jpg,coffee dispenser,1,,save,117-1
233,117b_2.jpg,coffee dispenser,1,,save,117-1
234,118a_2.jpg,tomato,1,,save,118-1
235,118b_2.jpg,tomato,1,,save,118-1
236,119a_1.jpg,chalk,1,,save,119-1
237,119b_1.jpg,chalk,1,,save,119-1
238,120a_1.jpg,router,1,,save,120-1
239,120b_1.jpg,router,1,,save,120-1
240,121a_2.jpg,swimsuit,1,,save,121-1
241,121b_2.jpg,suimsuit,1,,save,121-1
242,122a_1.jpg,handbag,1,,save,122-1
243,122b_1.jpg,handbag,1,,save,122-1
244,123a_1.jpg,angel statue,1,,save,123-1
245,123b_1.jpg,angel statue,1,,save,123-1
246,124a_2.jpg,projector,1,,save,124-1
247,124b_2.jpg,projector,1,,save,124-1
248,125a_1.jpg,mop,1,,save,125-1
249,125b_1.jpg,mop,1,,save,125-1
250,126a_1.jpg,slippers,1,,save,126-1
251,126b_1.jpg,slippers,1,,save,126-1
252,127a_2.jpg,slotted spatula,1,,save,127-1
253,127b_2.jpg,slotted spatula,1,,save,127-1
254,128a_2.jpg,water jug,1,,save,128-1
255,128b_2.jpg,water jug,1,,save,128-1
256,129a_2.jpg,trumpet,1,,save,129-1
257,129b_2.jpg,trumpet,1,,save,129-1
258,130a_2.jpg,peanuts,1,,save,130-1
259,130b_2.jpg,peanuts,1,,save,130-1
262,132a_2.jpg,anglar ruler,1,,save,132-1
263,132b_2.jpg,anglar ruler,1,,save,132-1
264,133a_1.jpg,wok,1,,save,133-1
265,133b_1.jpg,wok,1,,save,133-1
266,134a_2.jpg,microphone,1,,save,134-1
267,134b_2.jpg,microphone,1,,save,134-1
268,135a_2.jpg,drain stop,1,,save,135-1
269,135b_2.jpg,drain stop,1,,save,135-1
270,136a_2.jpg,blood pressure cuff,1,,save,136-1
271,136b_2.jpg,blood pressure cuff,1,,save,136-1
272,137a_1.jpg,megaphone,1,,save,137-1
273,137b_1.jpg,megaphone,1,,save,137-1
274,138a_1.jpg,rope,1,,save,138-1
275,138b_1.jpg,rope,1,,save,138-1
276,139a_1.jpg,cutting board,1,,save,139-1
277,139b_1.jpg,cutting board,1,,save,139-1
278,140a_2.jpg,sewing machine,1,,save,140-1
279,140b_2.jpg,sewing machine,1,,save,140-1
280,141a_2.jpg,tv cords,1,,save,141-1
281,141b_2.jpg,tv cords,1,,save,141-1
282,142a_2.jpg,balloon,1,,save,142-1
283,142b_2.jpg,balloon,1,,save,142-1
284,143a_1.jpg,toy barn,1,,save,143-1
285,143b_1.jpg,toy barn,1,,save,143-1
286,144a_1.jpg,yoga ball chair,1,,save,144-1
287,144b_1.jpg,yoga ball chair,1,,save,144-1
288,145a_1.jpg,trophy,1,,save,145-1
289,145b_1.jpg,trophy,1,,save,145-1
292,147a_2.jpg,screw hooks,1,,save,147-1
293,147b_2.jpg,screw hooks,1,,save,147-1
294,148a_1.jpg,rose,1,,save,148-1
295,148b_1.jpg,rose,1,,save,148-1
296,149a_2.jpg,wheel barrow,1,,save,149-1
297,149b_2.jpg,wheel barrow,1,,save,149-1
298,150a_2.jpg,tortoise,1,,save,150-1
299,150b_2.jpg,tortoise,1,,save,150-1
300,151a_2.jpg,hole puncher,1,,save,151-1
301,151b_2.jpg,hole puncher,1,,save,151-1
302,152a_1.jpg,duck,1,,save,152-1
303,152b_1.jpg,duck,1,,save,152-1
304,153a_2.jpg,orange juice,1,,save,153-1
305,153b_2.jpg,orange juice,1,,save,153-1
306,154a_2.jpg,axe body spray,1,,save,154-1
307,154b_2.jpg,axe body spray,1,,save,154-1
308,155a_2.jpg,kangaroo,1,,save,155-1
309,155b_2.jpg,kangaroo,1,,save,155-1
310,156a_2.jpg,picture frame,1,,save,156-1
311,156b_2.JPG,picture frame,1,,save,156-1
312,157a_2.jpg,watermelon,1,,save,157-1
313,157b_2.jpg,watermelon,1,,save,157-1
314,158a_1.jpg,beakers,1,,save,158-1
315,158b_1.jpg,beakers,1,,save,158-1
316,159a_1.jpg,stop sign,1,,save,159-1
317,159b_1.jpg,stop sign,1,,save,159-1
318,160a_1.jpg,silverware organizer,1,,save,160-1
319,160b_1.jpg,silverware organizer,1,,save,160-1
320,161a_1.jpg,step stool,1,,save,161-1
321,161b_1.jpg,step stool,1,,save,161-1
322,162a_2.jpeg,movie film,1,,save,162-1
323,162b_2.jpg,movie film,1,,save,162-1
324,163a_2.jpg,semi truck,1,,save,163-1
325,163b_2.jpg,semi truck,1,,save,163-1
326,164a_1.jpg,egg carton,1,,save,164-1
327,164b_1.jpg,egg carton,1,,save,164-1
328,165a_1.jpg,beanie,1,,save,165-1
329,165b_1.jpg,beanie,1,,save,165-1
330,166a_2.jpg,sword,1,,save,166-1
331,166b_2.jpg,sword,1,,save,166-1
332,167a_2.jpg,storage bowl,1,,save,167-1
333,167b_2.jpg,storage bowl,1,,save,167-1
334,168a_1.jpg,map,1,,save,168-1
335,168b_1.jpg,map,1,,save,168-1
336,169a_2.jpg,stirrups,1,,save,169-1
337,169b_2.jpg,stirrups,1,,save,169-1
338,170a_1.jpg,cheese,1,,save,170-1
339,170b_1.jpg,cheese,1,,save,170-1
340,171a_2.jpg,drain cover,1,,save,171-1
341,171b_2.jpg,drain cover,1,,save,171-1
342,172a_2.jpg,icecream cone,1,,save,172-1
343,172b_2.jpg,icecream cone,1,,save,172-1
344,173a_2.jpg,oreos,1,,save,173-1
345,173b_2.jpg,oreos,1,,save,173-1
346,174a_2.jpg,anchor,1,,save,174-1
347,174b_2.jpg,anchor,1,,save,174-1
348,175a_1.jpg,binoculars,1,,save,175-1
349,175b_1.jpg,binoculars,1,,save,175-1
350,176a_1.jpg,school bus,1,,save,176-1
351,176b_1.jpg,school bus,1,,save,176-1
352,177a_2.jpg,quiver,1,,save,177-1
353,177b_2.jpg,quiver,1,,save,177-1
354,178a_2.jpg,poker chips,1,,save,178-1
355,178b_2.jpg,poker chips,1,,save,178-1
356,179a_1.jpg,tools,1,,save,179-1
357,179b_1.jpg,tools,1,,save,179-1
358,180a_1.jpg,clothing hanger,1,,save,180-1
359,180b_1.jpg,clothing hanger,1,,save,180-1
360,181a_1.jpg,highlighter,1,,save,181-1
361,181b_1.jpg,highlighter,1,,save,181-1
362,182a_2.jpg,peas,1,,save,182-1
363,182b_2.jpg,peas,1,,save,182-1
364,183a_1.jpg,bracelets,1,,save,183-1
365,183b_1.jpg,bracelets,1,,save,183-1
366,184a_1.jpg,gum drops,1,,save,184-1
367,184b_1.jpg,gum drops,1,,save,184-1
368,185a_1.jpg,clock,1,,save,185-1
369,185b_1.jpg,clock,1,,save,185-1
370,186a_2.jpg,studio light,1,,save,186-1
371,186b_2.jpg,studio light,1,,save,186-1
372,187a_1.jpg,air pump,1,,save,187-1
373,187b_1.jpg,air pump,1,,save,187-1
374,188a_2.jpg,speaker,1,,save,188-1
375,188b_2.jpg,speaker,1,,save,188-1
376,189a_2.jpg,espresso machine,1,,save,189-1
377,189b_2.jpg,espresso machine,1,,save,189-1
378,190a_1.jpg,scissors,1,,save,190-1
379,190b_1.jpg,scissors,1,,save,190-1
380,191a_2.jpg,ship in a bottle,1,,save,191-1
381,191b_2.jpeg,ship in a bottle,1,,save,191-1
382,192a_2.jpg,gold bars,1,,save,192-1
383,192b_2.jpg,gold bars,1,,save,192-1
384,001a_2.jpg,plate,2,,save,001-2
385,001b_2.jpg,plate,2,,save,001-2
386,002a_2.jpg,amp,2,,save,002-2
387,002b_2.jpg,amp,2,,save,002-2
388,003a_2.jpg,tile,2,,save,003-2
389,003b_2.jpg,tile,2,,save,003-2
390,004a_1.jpg,pool table,2,,save,004-2
391,004b_1.jpg,pool table,2,,save,004-2
392,005a_2.jpg,ring,2,,save,005-2
393,005b_2.jpg,ring,2,,save,005-2
394,006a_1.jpg,magazines,2,,save,006-2
395,006b_1.jpg,magazines,2,,save,006-2
396,007a_2.jpg,air fresheners,2,,save,007-2
397,007b_2.jpg,air fresheners,2,,save,007-2
398,008a_1.jpg,planet,2,,save,008-2
399,008b_1.jpg,planet,2,,save,008-2
400,009a_1.jpg,knife block,2,,save,009-2
401,009b_1.jpg,knife block,2,,save,009-2
402,010a_2.jpg,dress,2,,save,010-2
403,010b_2.jpg,dress,2,,save,010-2
404,011a_1.jpg,cow boy boots,2,,save,011-2
405,011b_1.jpg,cow boy boots,2,,save,011-2
406,012a_2.jpg,lanyard,2,,save,012-2
407,012b_2.jpg,lanyard,2,,save,012-2
408,013a_1.jpg,rideable lawnmower,2,,save,013-2
409,013b_1.jpg,rideable lawnmower,2,,save,013-2
410,014a_2.jpg,parallel bars,2,,save,014-2
411,014b_2.jpg,parallel bars,2,,save,014-2
412,015a_1.jpg,woven basket,2,,save,015-2
413,015b_1.jpg,woven basket,2,,save,015-2
414,016a_1.jpg,mug,2,,save,016-2
415,016b_1.jpg,mug,2,,save,016-2
416,017a_1.jpg,bucket,2,,save,017-2
417,017b_1.jpg,bucket,2,,save,017-2
418,018a_1.jpg,lemon,2,,save,018-2
419,018b_1.jpg,lemon,2,,save,018-2
420,019a_2.jpg,drink umbrella,2,,save,019-2
421,019b_2.jpg,drink umbrella,2,,save,019-2
422,020a_1.jpg,sand,2,,save,020-2
423,020b_1.jpg,sand,2,,save,020-2
424,021a_2.jpg,red cloth table,2,,save,021-2
425,021b_2.jpg,red cloth table,2,,save,021-2
426,022a_2.jpg,saw,2,,save,022-2
427,022b_2.jpg,saw,2,,save,022-2
428,023a_2.jpg,skateboard,2,,save,023-2
429,023b_2.jpg,skateboard,2,,save,023-2
430,024a_2.jpg,nail gun,2,,save,024-2
431,024b_2.jpg,nail gun,2,,save,024-2
432,025a_1.jpg,q-tips,2,,save,025-2
433,025b_1.jpg,q-tips,2,,save,025-2
434,026a_1.jpg,fire alarm,2,,save,026-2
435,026b_1.jpg,fire alarm,2,,save,026-2
436,027a_2.jpg,cannoli,2,,save,027-2
437,027b_2.jpg,cannoli,2,,save,027-2
438,028a_1.jpg,woven laundry basket,2,,save,028-2
439,028b_1.jpg,woven laundry basket,2,,save,028-2
440,029a_2.jpg,silver rattle,2,,save,029-2
441,029b_2.jpg,silver rattle,2,,save,029-2
442,030a_1.jpg,guitar case,2,,save,030-2
443,030b_1.jpg,guitar case,2,,save,030-2
444,031a_2.jpg,faucet,2,,save,031-2
445,031b_2.jpg,faucet,2,,save,031-2
446,032a_1.jpg,folders,2,,save,032-2
447,032b_1.jpg,folders,2,,save,032-2
448,033a_2.jpg,saxophone,2,,save,033-2
449,033b_2.jpg,saxophone,2,,save,033-2
450,034a_2.jpg,office chair,2,,save,034-2
451,034b_2.jpg,office chair,2,,save,034-2
454,036a_1.jpg,gummy worms,2,,save,036-2
455,036b_1.jpg,gummy worms,2,,save,036-2
456,037a_1.jpg,decanter,2,,save,037-2
457,037b_1.jpg,decanter,2,,save,037-2
458,038a_2.jpg,planner,2,,save,038-2
459,038b_2.jpg,planner,2,,save,038-2
460,039a_2.jpg,stop light,2,,save,039-2
461,039b_2.jpg,stop light,2,,save,039-2
462,040a_2.jpg,nail file,2,,save,040-2
463,040b_2.jpg,nail file,2,,save,040-2
464,041a_1.jpg,gears,2,,save,041-2
465,041b_1.jpg,gears,2,,save,041-2
466,042a_2.jpg,grapes,2,,save,042-2
467,042b_2.jpg,grapes,2,,save,042-2
468,043a_1.jpg,fire extinguisher,2,,save,043-2
469,043b_1.jpg,fire extinguisher,2,,save,043-2
470,044a_2.jpg,foam,2,,save,044-2
471,044b_2.jpg,foam,2,,save,044-2
472,045a_1.jpg,approved,2,,save,045-2
473,045b_1.jpg,approved,2,,save,045-2
474,046a_2.jpg,lion,2,,save,046-2
475,046b_2.jpg,lion,2,,save,046-2
476,047a_1.jpg,apron,2,,save,047-2
477,047b_1.jpg,apron,2,,save,047-2
478,048a_1.jpg,tweezers,2,,save,048-2
479,048b_1.jpg,tweezers,2,,save,048-2
480,049a_1.jpg,gazeebo,2,,save,049-2
481,049b_1.jpg,gazeebo,2,,save,049-2
482,050a_1.jpg,money,2,,save,050-2
483,050b_1.jpg,money,2,,save,050-2
484,051a_1.jpg,cat,2,,save,051-2
485,051b_1.jpg,cat,2,,save,051-2
486,052a_2.jpg,net,2,,save,052-2
487,052b_2.jpg,net,2,,save,052-2
488,053a_1.jpg,pick axe,2,,save,053-2
489,053b_1.jpg,pick axe,2,,save,053-2
490,054a_2.jpg,time clock,2,,save,054-2
491,054b_2.jpg,time clock,2,,save,054-2
492,055a_2.jpg,mac and cheese,2,,save,055-2
493,055b_2.jpg,mac and cheese,2,,save,055-2
494,056a_2.jpg,coin rolls,2,,save,056-2
495,056b_2.jpg,coin rolls,2,,save,056-2
496,057a_1.jpg,wine glass,2,,save,057-2
497,057b_1.jpg,wine glass,2,,save,057-2
498,058a_2.jpg,knife,2,,save,058-2
499,058b_2.jpg,knife,2,,save,058-2
504,061a_1.jpg,spider,2,,save,061-2
505,061b_1.jpg,spider,2,,save,061-2
506,062a_2.jpg,tennis ball,2,,save,062-2
507,062b_2.jpg,tennis ball,2,,save,062-2
508,063a_2.jpg,christmas tree,2,,save,063-2
509,063b_2.jpg,christmas tree,2,,save,063-2
510,064a_2.jpg,expo marker,2,,save,064-2
511,064b_2.jpg,expo marker,2,,save,064-2
512,065a_1.jpg,mans head,2,,save,065-2
513,065b_1.jpg,mans head,2,,save,065-2
514,066a_1.jpg,eaten apple,2,,save,066-2
515,066b_1.jpg,eaten apple,2,,save,066-2
516,067a_1.jpg,pogostick,2,,save,067-2
517,067b_1.jpg,pogostick,2,,save,067-2
518,068a_2.jpg,pitchfork,2,,save,068-2
519,068b_2.jpg,pitchfork,2,,save,068-2
520,069a_2.jpg,waffle maker,2,,save,069-2
521,069b_2.jpg,waffle maker,2,,save,069-2
522,070a_2.jpg,chocolate,2,,save,070-2
523,070b_2.jpg,chocolate,2,,save,070-2
524,071a_1.jpg,wallet,2,,save,071-2
525,071b_1.jpg,wallet,2,,save,071-2
526,072a_1.jpg,raffle ticket,2,,save,072-2
527,072b_1.jpg,raffle ticket,2,,save,072-2
528,073a_2.jpg,ash tray,2,,save,073-2
529,073b_2.jpg,ash tray,2,,save,073-2
530,074a_2.jpg,gas mask,2,,save,074-2
531,074b_2.jpg,gas mask,2,,save,074-2
532,075a_1.jpg,hammock swing,2,,save,075-2
533,075b_1.jpg,hammock swing,2,,save,075-2
534,076a_2.jpg,sprout,2,,save,076-2
535,076b_2.jpg,sprout,2,,save,076-2
536,077a_2.jpg,cardboard box,2,,save,077-2
537,077b_2.jpg,cardboard box,2,,save,077-2
538,078a_1.jpg,recorder,2,,save,078-2
539,078b_1.jpg,recorder,2,,save,078-2
540,079a_1.jpg,barrel,2,,save,079-2
541,079b_1.jpg,barrel,2,,save,079-2
542,080a_2.jpg,headphones,2,,save,080-2
543,080b_2.jpg,headphones,2,,save,080-2
544,081a_1.jpg,clothes pin,2,,save,081-2
545,081b_1.jpg,clothes pin,2,,save,081-2
546,082a_1.jpg,sawhorse,2,,save,082-2
547,082b_1.jpg,sawhorse,2,,save,082-2
548,083a_1.jpg,aluminium can,2,,save,083-2
549,083b_1.jpg,aluminium can,2,,save,083-2
550,084a_1.jpg,chalkboard,2,,save,084-2
551,084b_1.jpg,chalkboard,2,,save,084-2
552,085a_2.jpg,aloe vera,2,,save,085-2
553,085b_2.jpg,aloe vera,2,,save,085-2
554,086a_1.jpg,silverwear box,2,,save,086-2
555,086b_1.jpg,silverwear box,2,,save,086-2
556,087a_2.jpg,bassinet,2,,save,087-2
557,087b_2.jpg,bassinet,2,,save,087-2
558,088a_1.jpg,cowboy hat,2,,save,088-2
559,088b_1.jpg,cowboy hat,2,,save,088-2
560,089a_1.jpg,envelope,2,,save,089-2
561,089b_1.jpg,envelope,2,,save,089-2
562,090a_1.jpg,cork,2,,save,090-2
563,090b_1.jpg,cork,2,,save,090-2
564,091a_2.jpg,water heater,2,,save,091-2
565,091b_2.jpg,water heater,2,,save,091-2
566,092a_1.jpg,first place ribbon,2,,save,092-2
567,092b_1.jpg,first place ribbon,2,,save,092-2
568,093a_2.jpg,robe,2,,save,093-2
569,093b_2.jpg,robe,2,,save,093-2
570,094a_1.jpg,ladder,2,,save,094-2
571,094b_1.jpg,ladder,2,,save,094-2
572,095a_2.jpg,circuit board,2,,save,095-2
573,095b_2.jpg,circuit board,2,,save,095-2
574,096a_1.jpg,robot clock,2,,save,096-2
575,096b_1.jpg,robot clock,2,,save,096-2
576,097a_1.jpg,mail,2,,save,097-2
577,097b_1.jpg,mail,2,,save,097-2
578,098a_1.jpg,candy cane,2,,save,098-2
579,098b_1.jpg,candy cane,2,,save,098-2
582,100a_2.jpg,rabbit,2,,save,100-2
583,100b_2.jpg,rabbit,2,,save,100-2
584,101a_2.jpg,heart container,2,,save,101-2
585,101b_2.jpg,heart container,2,,save,101-2
586,102a_1.jpg,bike,2,,save,102-2
587,102b_1.jpg,bike,2,,save,102-2
588,103a_1.jpg,thermos,2,,save,103-2
589,103b_1.jpg,thermos,2,,save,103-2
590,104a_1.jpg,???,2,,save,104-2
591,104b_1.jpg,???,2,,save,104-2
592,105a_1.jpg,snorkel,2,,save,105-2
593,105b_1.jpg,snorkel,2,,save,105-2
594,106a_2.jpg,yellow bag,2,,save,106-2
595,106b_2.jpg,yellow bag,2,,save,106-2
596,107a_2.jpg,tent,2,,save,107-2
597,107b_2.jpg,tent,2,,save,107-2
598,108a_1.jpg,walkie talkie,2,,save,108-2
599,108b_1.jpg,walkie talkie,2,,save,108-2
600,109a_1.jpg,flip phone,2,,save,109-2
601,109b_1.jpg,flip phone,2,,save,109-2
602,110a_2.jpg,ping pong paddle,2,,save,110-2
603,110b_2.jpg,ping pong paddle,2,,save,110-2
604,111a_1.jpg,dress form,2,,save,111-2
605,111b_1.jpg,dress form,2,,save,111-2
606,112a_1.jpg,milkshake,2,,save,112-2
607,112b_1.jpg,milkshake,2,,save,112-2
608,113a_2.jpg,double decker bus,2,,save,113-2
609,113b_2.jpg,double decker bus,2,,save,113-2
610,114a_1.jpg,backpacking pack,2,,save,114-2
611,114b_1.jpg,backpacking pack,2,,save,114-2
612,115a_2.jpg,film camera,2,,save,115-2
613,115b_2.jpg,film camera,2,,save,115-2
614,116a_2.jpg,camera,2,,save,116-2
615,116b_2.jpg,camera,2,,save,116-2
616,117a_2.jpg,console,2,,save,117-2
617,117b_2.jpg,console,2,,save,117-2
618,118a_2.jpg,squat bar,2,,save,118-2
619,118b_2.jpg,squat bar,2,,save,118-2
620,119a_1.jpg,hot dog,2,,save,119-2
621,119b_1.jpg,hot dog,2,,save,119-2
622,120a_1.jpg,room divider,2,,save,120-2
623,120b_1.jpg,room divider,2,,save,120-2
626,122a_1.jpg,yarn,2,,save,122-2
627,122b_1.jpg,yarn,2,,save,122-2
628,123a_1.jpg,hair curlers,2,,save,123-2
629,123b_1.jpg,hair curlers,2,,save,123-2
630,124a_2.jpg,outlet,2,,save,124-2
631,124b_2.jpg,outlet,2,,save,124-2
632,125a_1.jpg,pomegranate,2,,save,125-2
633,125b_1.jpg,pomegranate,2,,save,125-2
634,126a_1.jpg,adapter,2,,save,126-2
635,126b_1.jpg,adapter,2,,save,126-2
638,128a_2.jpg,crown,2,,save,128-2
639,128b_2.jpg,crown,2,,save,128-2
640,129a_2.jpg,string,2,,save,129-2
641,129b_2.jpg,string,2,,save,129-2
642,130a_2.jpg,high chair,2,,save,130-2
643,130b_2.jpg,high chair,2,,save,130-2
644,131a_1.jpg,tape,2,,save,131-2
645,131b_1.jpg,tape,2,,save,131-2
646,132a_2.jpg,door stop,2,,save,132-2
647,132b_2.jpg,door stop,2,,save,132-2
648,133a_1.jpg,crab,2,,save,133-2
649,133b_1.jpg,crab,2,,save,133-2
650,134a_2.jpg,pitcher,2,,save,134-2
651,134b_2.jpg,pitcher,2,,save,134-2
652,135a_2.jpg,iron,2,,save,135-2
653,135b_2.jpg,iron,2,,save,135-2
654,136a_2.jpg,checkbook,2,,save,136-2
655,136b_2.jpg,checkbook,2,,save,136-2
656,137a_1.jpg,arcade game,2,,save,137-2
657,137b_1.jpg,arcade game,2,,save,137-2
658,138a_1.jpg,star keychain,2,,save,138-2
659,138b_1.jpg,star keychain,2,,save,138-2
660,139a_1.jpg,firefighter helmet,2,,save,139-2
661,139b_1.jpg,firefighter helmet,2,,save,139-2
662,140a_2.jpg,car,2,,save,140-2
663,140b_2.jpg,car,2,,save,140-2
664,141a_2.jpg,cane,2,,save,141-2
665,141b_2.jpg,cane,2,,save,141-2
666,142a_2.jpg,electric shaver,2,,save,142-2
667,142b_2.jpg,electric shaver,2,,save,142-2
668,143a_1.jpg,stethoscope,2,,save,143-2
669,143b_1.jpg,stethoscope,2,,save,143-2
670,144a_1.jpg,toaster,2,,save,144-2
671,144b_1.jpg,toaster,2,,save,144-2
672,145a_1.jpg,fire lunch box,2,,save,145-2
673,145b_1.jpg,fire lunch box,2,,save,145-2
674,146a_2.jpg,snowflake,2,,save,146-2
675,146b_2.jpg,snowflake,2,,save,146-2
678,148a_1.jpg,gloves,2,,save,148-2
679,148b_1.jpg,gloves,2,,save,148-2
680,149a_2.jpg,binder,2,,save,149-2
681,149b_2.jpg,binder,2,,save,149-2
682,150a_2.jpg,sugar cube,2,,save,150-2
683,150b_2.jpg,sugar cube,2,,save,150-2
684,151a_2.jpg,guava,2,,save,151-2
685,151b_2.jpg,guava,2,,save,151-2
686,152a_1.jpg,nutcracker,2,,save,152-2
687,152b_1.jpg,nutcracker,2,,save,152-2
688,153a_2.jpg,gavel,2,,save,153-2
689,153b_2.jpg,gavel,2,,save,153-2
690,154a_2.jpg,saw blade,2,,save,154-2
691,154b_2.jpg,saw blade,2,,save,154-2
694,156a_2.jpg,chicken wind vane,2,,save,156-2
695,156b_2.JPG,chicken wind vane,2,,save,156-2
696,157a_2.jpg,hair straightener,2,,save,157-2
697,157b_2.jpg,hair straightener,2,,save,157-2
698,158a_1.jpg,helicopter,2,,save,158-2
699,158b_1.jpg,helicopter,2,,save,158-2
700,159a_1.jpg,combination lock,2,,save,159-2
701,159b_1.jpg,combination lock,2,,save,159-2
702,160a_1.jpg,shoe,2,,save,160-2
703,160b_1.jpg,shoe,2,,save,160-2
704,161a_1.jpg,wind chime,2,,save,161-2
705,161b_1.jpg,wind chime,2,,save,161-2
706,162a_2.jpeg,parakeet,2,,save,162-2
707,162b_2.jpg,parakeet,2,,save,162-2
708,163a_2.jpg,dominos,2,,save,163-2
709,163b_2.jpg,dominos,2,,save,163-2
710,164a_1.jpg,plunger,2,,save,164-2
711,164b_1.jpg,plunger,2,,save,164-2
712,165a_1.jpg,tennis racket,2,,save,165-2
713,165b_1.jpg,tennis racket,2,,save,165-2
714,166a_2.jpg,present,2,,save,166-2
715,166b_2.jpg,present,2,,save,166-2
716,167a_2.jpg,fountain,2,,save,167-2
717,167b_2.jpg,fountain,2,,save,167-2
718,168a_1.jpg,workout band,2,,save,168-2
719,168b_1.jpg,workout band,2,,save,168-2
720,169a_2.jpg,gas can,2,,save,169-2
721,169b_2.jpg,gas can,2,,save,169-2
722,170a_1.jpg,camera flash,2,,save,170-2
723,170b_1.jpg,camera flash,2,,save,170-2
724,171a_2.jpg,stool,2,,save,171-2
725,171b_2.jpg,stool,2,,save,171-2
726,172a_2.jpg,crane,2,,save,172-2
727,172b_2.jpg,crane,2,,save,172-2
728,173a_2.jpg,totem pole,2,,save,173-2
729,173b_2.jpg,totem pole,2,,save,173-2
730,174a_2.jpg,scanner,2,,save,174-2
731,174b_2.jpg,scanner,2,,save,174-2
732,175a_1.jpg,coffee pot,2,,save,175-2
733,175b_1.jpg,coffee pot,2,,save,175-2
734,176a_1.jpg,shelves,2,,save,176-2
735,176b_1.jpg,shelves,2,,save,176-2
736,177a_2.jpg,arm band,2,,save,177-2
737,177b_2.jpg,arm band,2,,save,177-2
738,178a_2.jpg,birdie,2,,save,178-2
739,178b_2.jpg,birdie,2,,save,178-2
740,179a_1.jpg,coconut tree,2,,save,179-2
741,179b_1.jpg,coconut tree,2,,save,179-2
742,180a_1.jpg,couch,2,,save,180-2
743,180b_1.jpg,couch,2,,save,180-2
746,182a_2.jpg,nail polish,2,,save,182-2
747,182b_2.jpg,nail polish,2,,save,182-2
750,184a_1.jpg,pot of gold,2,,save,184-2
751,184b_1.jpg,pot of gold,2,,save,184-2
752,185a_1.jpg,baseball bat,2,,save,185-2
753,185b_1.jpg,baseball bat,2,,save,185-2
754,186a_2.jpg,marble tower,2,,save,186-2
755,186b_2.jpg,marble tower,2,,save,186-2
756,187a_1.jpg,rock,2,,save,187-2
757,187b_1.jpg,rock,2,,save,187-2
758,188a_2.jpg,cinderblock,2,,save,188-2
759,188b_2.jpg,cinderblock,2,,save,188-2
760,189a_2.jpg,hot glue gun,2,,save,189-2
761,189b_2.jpg,hot glue gun,2,,save,189-2
762,190a_1.jpg,nesting dolls,2,,save,190-2
763,190b_1.jpg,nesting dolls,2,,save,190-2
764,191a_2.jpg,coffee pin,2,,save,191-2
765,191b_2.jpeg,coffee pin,2,,save,191-2
766,192a_2.jpg,chess,2,,save,192-2
767,192b_2.jpg,chess,2,,save,192-2
768,001a_2.jpg,weekly pill case,3,,save,001-3
769,001b_2.jpg,weekly pill case,3,,save,001-3
770,002a_2.jpg,croissant,3,,save,002-3
771,002b_2.jpg,croissant,3,,save,002-3
772,003a_2.jpg,wrecking ball,3,,save,003-3
773,003b_2.jpg,wrecking ball,3,,save,003-3
774,004a_1.jpg,easter eggs,3,,save,004-3
775,004b_1.jpg,easter eggs,3,,save,004-3
776,005a_2.jpg,bench,3,,save,005-3
777,005b_2.jpg,bench,3,,save,005-3
778,006a_1.jpg,paper airplane,3,,save,006-3
779,006b_1.jpg,paper airplane,3,,save,006-3
780,007a_2.jpg,dandelion,3,,save,007-3
781,007b_2.jpg,dandelion,3,,save,007-3
784,009a_1.jpg,safety pin,3,,save,009-3
785,009b_1.jpg,safety pin,3,,save,009-3
786,010a_2.jpg,bat,3,,save,010-3
787,010b_2.jpg,bat,3,,save,010-3
788,011a_1.jpg,dart board,3,,save,011-3
789,011b_1.jpg,dart board,3,,save,011-3
790,012a_2.jpg,cowboy boots,3,,save,012-3
791,012b_2.jpg,cowboy boots,3,,save,012-3
792,013a_1.jpg,pan,3,,save,013-3
793,013b_1.jpg,pan,3,,save,013-3
794,014a_2.jpg,scooter,3,,save,014-3
795,014b_2.jpg,scooter,3,,save,014-3
796,015a_1.jpg,french press,3,,save,015-3
797,015b_1.jpg,french press,3,,save,015-3
798,016a_1.jpg,glass bowl,3,,save,016-3
799,016b_1.jpg,glass bowl,3,,save,016-3
800,017a_1.jpg,usb drive,3,,save,017-3
801,017b_1.jpg,usb drive,3,,save,017-3
802,018a_1.jpg,mushroom,3,,save,018-3
803,018b_1.jpg,mushroom,3,,save,018-3
804,019a_2.jpg,candle snuffer,3,,save,019-3
805,019b_2.jpg,candle snuffer,3,,save,019-3
806,020a_1.jpg,football helmet,3,,save,020-3
807,020b_1.jpg,football helmet,3,,save,020-3
808,021a_2.jpg,coasters,3,,save,021-3
809,021b_2.jpg,coasters,3,,save,021-3
810,022a_2.jpg,teabags,3,,save,022-3
811,022b_2.jpg,teabags,3,,save,022-3
812,023a_2.jpg,ethernet cable,3,,save,023-3
813,023b_2.jpg,ethernet cable,3,,save,023-3
814,024a_2.jpg,cupcake liners,3,,save,024-3
815,024b_2.jpg,cupcake liners,3,,save,024-3
816,025a_1.jpg,birthday cake,3,,save,025-3
817,025b_1.jpg,birthday cake,3,,save,025-3
818,026a_1.jpg,trampoline,3,,save,026-3
819,026b_1.jpg,trampoline,3,,save,026-3
820,027a_2.jpg,bird feed,3,,save,027-3
821,027b_2.jpg,bird feed,3,,save,027-3
822,028a_1.jpg,spade,3,,save,028-3
823,028b_1.jpg,spade,3,,save,028-3
824,029a_2.jpg,life buoy,3,,save,029-3
825,029b_2.jpg,life buoy,3,,save,029-3
826,030a_1.jpg,balance beam,3,,save,030-3
827,030b_1.jpg,balance beam,3,,save,030-3
828,031a_2.jpg,telescope,3,,save,031-3
829,031b_2.jpg,telescope,3,,save,031-3
830,032a_1.jpg,pineapple,3,,save,032-3
831,032b_1.jpg,pineapple,3,,save,032-3
834,034a_2.jpg,fruit bowl,3,,save,034-3
835,034b_2.jpg,fruit bowl,3,,save,034-3
836,035a_2.jpg,horse,3,,save,035-3
837,035b_2.jpg,horse,3,,save,035-3
838,036a_1.jpg,folder,3,,save,036-3
839,036b_1.jpg,folder,3,,save,036-3
840,037a_1.jpg,bunny ears,3,,save,037-3
841,037b_1.jpg,bunny ears,3,,save,037-3
842,038a_2.jpg,elephant,3,,save,038-3
843,038b_2.jpg,elephant,3,,save,038-3
844,039a_2.jpg,tree,3,,save,039-3
845,039b_2.jpg,tree,3,,save,039-3
846,040a_2.jpg,sheers,3,,save,040-3
847,040b_2.jpg,sheers,3,,save,040-3
848,041a_1.jpg,pinwheel,3,,save,041-3
849,041b_1.jpg,pinwheel,3,,save,041-3
850,042a_2.jpg,wooden crate,3,,save,042-3
851,042b_2.jpg,wooden crate,3,,save,042-3
852,043a_1.jpg,squeegee,3,,save,043-3
853,043b_1.jpg,squeegee,3,,save,043-3
854,044a_2.jpg,?,3,,save,044-3
855,044b_2.jpg,?,3,,save,044-3
856,045a_1.jpg,frisbee,3,,save,045-3
857,045b_1.jpg,frisbee,3,,save,045-3
858,046a_2.jpg,drill,3,,save,046-3
859,046b_2.jpg,drill,3,,save,046-3
860,047a_1.jpg,ice pack,3,,save,047-3
861,047b_1.jpg,ice pack,3,,save,047-3
864,049a_1.jpg,cow toy,3,,save,049-3
865,049b_1.jpg,cow toy,3,,save,049-3
868,051a_1.jpg,film,3,,save,051-3
869,051b_1.jpg,film,3,,save,051-3
870,052a_2.jpg,race car,3,,save,052-3
871,052b_2.jpg,race car,3,,save,052-3
872,053a_1.jpg,whistle,3,,save,053-3
873,053b_1.jpg,whistle,3,,save,053-3
874,054a_2.jpg,inscent,3,,save,054-3
875,054b_2.jpg,inscent,3,,save,054-3
876,055a_2.jpg,maracas,3,,save,055-3
877,055b_2.jpg,maracas,3,,save,055-3
878,056a_2.jpg,matches,3,,save,056-3
879,056b_2.jpg,matches,3,,save,056-3
880,057a_1.jpg,heels,3,,save,057-3
881,057b_1.jpg,heels,3,,save,057-3
882,058a_2.jpg,flashlight,3,,save,058-3
883,058b_2.jpg,flashlight,3,,save,058-3
884,059a_1.jpg,thermometer,3,,save,059-3
885,059b_1.jpg,thermometer,3,,save,059-3
886,060a_1.jpg,stapler remover,3,,save,060-3
887,060b_1.jpg,stapler remover,3,,save,060-3
888,061a_1.jpg,lipstick,3,,save,061-3
889,061b_1.jpg,lipstick,3,,save,061-3
890,062a_2.jpg,pig,3,,save,062-3
891,062b_2.jpg,pig,3,,save,062-3
892,063a_2.jpg,pez dispenser,3,,save,063-3
893,063b_2.jpg,pez dispenser,3,,save,063-3
894,064a_2.jpg,hand saw,3,,save,064-3
895,064b_2.jpg,hand saw,3,,save,064-3
896,065a_1.jpg,mortar and pestle,3,,save,065-3
897,065b_1.jpg,mortar and pestle,3,,save,065-3
898,066a_1.jpg,wordrobe,3,,save,066-3
899,066b_1.jpg,wordrobe,3,,save,066-3
900,067a_1.jpg,arrow,3,,save,067-3
901,067b_1.jpg,arrow,3,,save,067-3
902,068a_2.jpg,candle stick,3,,save,068-3
903,068b_2.jpg,candle stick,3,,save,068-3
904,069a_2.jpg,binder clips,3,,save,069-3
905,069b_2.jpg,binder clips,3,,save,069-3
906,070a_2.jpg,labcoat,3,,save,070-3
907,070b_2.jpg,labcoat,3,,save,070-3
908,071a_1.jpg,eagle,3,,save,071-3
909,071b_1.jpg,eagle,3,,save,071-3
910,072a_1.jpg,butterfly,3,,save,072-3
911,072b_1.jpg,butterfly,3,,save,072-3
912,073a_2.jpg,canoe,3,,save,073-3
913,073b_2.jpg,canoe,3,,save,073-3
914,074a_2.jpg,old phone,3,,save,074-3
915,074b_2.jpg,old phone,3,,save,074-3
916,075a_1.jpg,pet carrier,3,,save,075-3
917,075b_1.jpg,pet carrier,3,,save,075-3
918,076a_2.jpg,magnet,3,,save,076-3
919,076b_2.jpg,magnet,3,,save,076-3
920,077a_2.jpg,compass,3,,save,077-3
921,077b_2.jpg,compass,3,,save,077-3
922,078a_1.jpg,chainsaw,3,,save,078-3
923,078b_1.jpg,chainsaw,3,,save,078-3
924,079a_1.jpg,bag,3,,save,079-3
925,079b_1.jpg,bag,3,,save,079-3
926,080a_2.jpg,rosemary,3,,save,080-3
927,080b_2.jpg,rosemary,3,,save,080-3
928,081a_1.jpg,crutches,3,,save,081-3
929,081b_1.jpg,crutches,3,,save,081-3
930,082a_1.jpg,eiffel tower,3,,save,082-3
931,082b_1.jpg,eiffel tower,3,,save,082-3
932,083a_1.jpg,goggles,3,,save,083-3
933,083b_1.jpg,goggles,3,,save,083-3
934,084a_1.jpg,caution tape,3,,save,084-3
935,084b_1.jpg,caution tape,3,,save,084-3
936,085a_2.jpg,clamps,3,,save,085-3
937,085b_2.jpg,clamps,3,,save,085-3
938,086a_1.jpg,hand mixer,3,,save,086-3
939,086b_1.jpg,hand mixer,3,,save,086-3
940,087a_2.jpg,yoga ball,3,,save,087-3
941,087b_2.jpg,yoga ball,3,,save,087-3
942,088a_1.jpg,clip board,3,,save,088-3
943,088b_1.jpg,clip board,3,,save,088-3
944,089a_1.jpg,duster,3,,save,089-3
945,089b_1.jpg,duster,3,,save,089-3
946,090a_1.jpg,sander,3,,save,090-3
947,090b_1.jpg,sander,3,,save,090-3
948,091a_2.jpg,paper,3,,save,091-3
949,091b_2.jpg,paper,3,,save,091-3
950,092a_1.jpg,navy hat,3,,save,092-3
951,092b_1.jpg,navy hat,3,,save,092-3
952,093a_2.jpg,glitter,3,,save,093-3
953,093b_2.jpg,glitter,3,,save,093-3
954,094a_1.jpg,flamingo,3,,save,094-3
955,094b_1.jpg,flamingo,3,,save,094-3
956,095a_2.jpg,kindle,3,,save,095-3
957,095b_2.jpg,kindle,3,,save,095-3
958,096a_1.jpg,tortilla,3,,save,096-3
959,096b_1.jpg,tortilla,3,,save,096-3
960,097a_1.jpg,jacket,3,,save,097-3
961,097b_1.jpg,jacket,3,,save,097-3
962,098a_1.jpg,kids bike,3,,save,098-3
963,098b_1.jpg,kids bike,3,,save,098-3
964,099a_2.jpg,ham,3,,save,099-3
965,099b_2.jpg,ham,3,,save,099-3
966,100a_2.jpg,clapper board,3,,save,100-3
967,100b_2.jpg,clapper board,3,,save,100-3
968,101a_2.jpg,bread,3,,save,101-3
969,101b_2.jpg,bread,3,,save,101-3
970,102a_1.jpg,whisk,3,,save,102-3
971,102b_1.jpg,whisk,3,,save,102-3
972,103a_1.jpg,bottle cap,3,,save,103-3
973,103b_1.jpg,bottle cap,3,,save,103-3
974,104a_1.jpg,stearing wheel,3,,save,104-3
975,104b_1.jpg,stearing wheel,3,,save,104-3
976,105a_1.jpg,globe,3,,save,105-3
977,105b_1.jpg,globe,3,,save,105-3
978,106a_2.jpg,security camera,3,,save,106-3
979,106b_2.jpg,security camera,3,,save,106-3
980,107a_2.jpg,brief case,3,,save,107-3
981,107b_2.jpg,brief case,3,,save,107-3
982,108a_1.jpg,granola bar,3,,save,108-3
983,108b_1.jpg,granola bar,3,,save,108-3
984,109a_1.jpg,buffer,3,,save,109-3
985,109b_1.jpg,buffer,3,,save,109-3
986,110a_2.jpg,sweater,3,,save,110-3
987,110b_2.jpg,sweater,3,,save,110-3
990,112a_1.jpg,emerald,3,,save,112-3
991,112b_1.jpg,emerald,3,,save,112-3
992,113a_2.jpg,doorbell,3,,save,113-3
993,113b_2.jpg,doorbell,3,,save,113-3
996,115a_2.jpg,banjo,3,,save,115-3
997,115b_2.jpg,banjo,3,,save,115-3
998,116a_2.jpg,jersey,3,,save,116-3
999,116b_2.jpg,jersey,3,,save,116-3
1000,117a_2.jpg,baked potato,3,,save,117-3
1001,117b_2.jpg,baked potato,3,,save,117-3
1002,118a_2.jpg,trench coat,3,,save,118-3
1003,118b_2.jpg,trench coat,3,,save,118-3
1004,119a_1.jpg,hammock,3,,save,119-3
1005,119b_1.jpg,hammmock,3,,save,119-3
1006,120a_1.jpg,sharpie,3,,save,120-3
1007,120b_1.jpg,sharpie,3,,save,120-3
1008,121a_2.jpg,mirror,3,,save,121-3
1009,121b_2.jpg,mirror,3,,save,121-3
1010,122a_1.jpg,witch hat,3,,save,122-3
1011,122b_1.jpg,witch hat,3,,save,122-3
1012,123a_1.jpg,contact case,3,,save,123-3
1013,123b_1.jpg,contact case,3,,save,123-3
1014,124a_2.jpg,aed,3,,save,124-3
1015,124b_2.jpg,aed,3,,save,124-3
1016,125a_1.jpg,bird cage,3,,save,125-3
1017,125b_1.jpg,bird cage,3,,save,125-3
1018,126a_1.jpg,bow,3,,save,126-3
1019,126b_1.jpg,bow,3,,save,126-3
1020,127a_2.jpg,lego,3,,save,127-3
1021,127b_2.jpg,lego,3,,save,127-3
1024,129a_2.jpg,passport,3,,save,129-3
1025,129b_2.jpg,passport,3,,save,129-3
1026,130a_2.jpg,peacock feather,3,,save,130-3
1027,130b_2.jpg,peacock feather,3,,save,130-3
1028,131a_1.jpg,starfish,3,,save,131-3
1029,131b_1.jpg,starfish,3,,save,131-3
1030,132a_2.jpg,cassette tape,3,,save,132-3
1031,132b_2.jpg,cassette tape,3,,save,132-3
1032,133a_1.jpg,brain,3,,save,133-3
1033,133b_1.jpg,brain,3,,save,133-3
1034,134a_2.jpg,20 sided dice,3,,save,134-3
1035,134b_2.jpg,20 sided dice,3,,save,134-3
1036,135a_2.jpg,gum ball machine,3,,save,135-3
1037,135b_2.jpg,gum ball machine,3,,save,135-3
1038,136a_2.jpg,video camera,3,,save,136-3
1039,136b_2.jpg,video camera,3,,save,136-3
1040,137a_1.jpg,boomarang,3,,save,137-3
1041,137b_1.jpg,boomarang,3,,save,137-3
1042,138a_1.jpg,robot dog,3,,save,138-3
1043,138b_1.jpg,robot dog,3,,save,138-3
1044,139a_1.jpg,coffee mug,3,,save,139-3
1045,139b_1.jpg,coffee mug,3,,save,139-3
1048,141a_2.jpg,staple gun,3,,save,141-3
1049,141b_2.jpg,staple gun,3,,save,141-3
1050,142a_2.jpg,vase,3,,save,142-3
1051,142b_2.jpg,vase,3,,save,142-3
1052,143a_1.jpg,trailer,3,,save,143-3
1053,143b_1.jpg,trailer,3,,save,143-3
1054,144a_1.jpg,bobby pins,3,,save,144-3
1055,144b_1.jpg,bobby pins,3,,save,144-3
1056,145a_1.jpg,kinetic ball,3,,save,145-3
1057,145b_1.jpg,kinetic ball,3,,save,145-3
1058,146a_2.jpg,tea pot,3,,save,146-3
1059,146b_2.jpg,tea pot,3,,save,146-3
1060,147a_2.jpg,hook pulley,3,,save,147-3
1061,147b_2.jpg,hook pulley,3,,save,147-3
1062,148a_1.jpg,notepad,3,,save,148-3
1063,148b_1.jpg,notepad,3,,save,148-3
1064,149a_2.jpg,wrapping paper,3,,save,149-3
1065,149b_2.jpg,wrapping paper,3,,save,149-3
1066,150a_2.jpg,garlic press,3,,save,150-3
1067,150b_2.jpg,garlic press,3,,save,150-3
1070,152a_1.jpg,cello,3,,save,152-3
1071,152b_1.jpg,cello,3,,save,152-3
1074,154a_2.jpg,throne,3,,save,154-3
1075,154b_2.jpg,throne,3,,save,154-3
1076,155a_2.jpg,flask,3,,save,155-3
1077,155b_2.jpg,flask,3,,save,155-3
1078,156a_2.jpg,brick,3,,save,156-3
1079,156b_2.JPG,brick,3,,save,156-3
1080,157a_2.jpg,tandem bike,3,,save,157-3
1081,157b_2.jpg,tandem bike,3,,save,157-3
1084,159a_1.jpg,harmonica,3,,save,159-3
1085,159b_1.jpg,harmonica,3,,save,159-3
1086,160a_1.jpg,milk,3,,save,160-3
1087,160b_1.jpg,milk,3,,save,160-3
1088,161a_1.jpg,nintendo controller,3,,save,161-3
1089,161b_1.jpg,nintendo controller,3,,save,161-3
1092,163a_2.jpg,baseball mit,3,,save,163-3
1093,163b_2.jpg,baseball mit,3,,save,163-3
1094,164a_1.jpg,zip tie,3,,save,164-3
1095,164b_1.jpg,zip tie,3,,save,164-3
1096,165a_1.jpg,dragon statue,3,,save,165-3
1097,165b_1.jpg,dragon statue,3,,save,165-3
1098,166a_2.jpg,sphinx,3,,save,166-3
1099,166b_2.jpg,sphinx,3,,save,166-3
1100,167a_2.jpg,cd,3,,save,167-3
1101,167b_2.jpg,cd,3,,save,167-3
1102,168a_1.jpg,computer mouse,3,,save,168-3
1103,168b_1.jpg,computer mouse,3,,save,168-3
1104,169a_2.jpg,safe,3,,save,169-3
1105,169b_2.jpg,safe,3,,save,169-3
1106,170a_1.jpg,crocs,3,,save,170-3
1107,170b_1.jpg,crocs,3,,save,170-3
1108,171a_2.jpg,origami crane,3,,save,171-3
1109,171b_2.jpg,origami crane,3,,save,171-3
1110,172a_2.jpg,leaf,3,,save,172-3
1111,172b_2.jpg,leaf,3,,save,172-3
1112,173a_2.jpg,mouse,3,,save,173-3
1113,173b_2.jpg,mouse,3,,save,173-3
1114,174a_2.jpg,fur hat,3,,save,174-3
1115,174b_2.jpg,fur hat,3,,save,174-3
1116,175a_1.jpg,wine bottle,3,,save,175-3
1117,175b_1.jpg,wine bottle,3,,save,175-3
1120,177a_2.jpg,wii,3,,save,177-3
1121,177b_2.jpg,wii,3,,save,177-3
1122,178a_2.jpg,dinosaur toy,3,,save,178-3
1123,178b_2.jpg,dinosaur toy,3,,save,178-3
1124,179a_1.jpg,atv,3,,save,179-3
1125,179b_1.jpg,atv,3,,save,179-3
1126,180a_1.jpg,bird feeder,3,,save,180-3
1127,180b_1.jpg,bird feeder,3,,save,180-3
1132,183a_1.jpg,paper lanterns,3,,save,183-3
1133,183b_1.jpg,paper lanterns,3,,save,183-3
1134,184a_1.jpg,backpack,3,,save,184-3
1135,184b_1.jpg,backpack,3,,save,184-3
1136,185a_1.jpg,unicycle,3,,save,185-3
1137,185b_1.jpg,unicycle,3,,save,185-3
1138,186a_2.jpg,foam finger,3,,save,186-3
1139,186b_2.jpg,foam finger,3,,save,186-3
1140,187a_1.jpg,fan,3,,save,187-3
1141,187b_1.jpg,fan,3,,save,187-3
1142,188a_2.jpg,handle bar,3,,save,188-3
1143,188b_2.jpg,handle bar,3,,save,188-3
1144,189a_2.jpg,typewriter,3,,save,189-3
1145,189b_2.jpg,typewriter,3,,save,189-3
1146,190a_1.jpg,sleeping bag,3,,save,190-3
1147,190b_1.jpg,sleeping bag,3,,save,190-3
1148,191a_2.jpg,shells,3,,save,191-3
1149,191b_2.jpeg,shells,3,,save,191-3
1152,001a_2.jpg,file cabinet,4,,save,001-4
1153,001b_2.jpg,file cabinet,4,,save,001-4
1154,002a_2.jpg,copper wire,4,,save,002-4
1155,002b_2.jpg,copper wire,4,,save,002-4
1156,003a_2.jpg,large plastic bin,4,,save,003-4
1157,003b_2.jpg,large plastic bin,4,,save,003-4
1158,004a_1.jpg,knee brace,4,,save,004-4
1159,004b_1.jpg,knee brace,4,,save,004-4
1160,005a_2.jpg,old cashier,4,,save,005-4
1161,005b_2.jpg,old cashier,4,,save,005-4
1162,006a_1.jpg,music note,4,,save,006-4
1163,006b_1.jpg,music note,4,,save,006-4
1164,007a_2.jpg,pull cart,4,,save,007-4
1165,007b_2.jpg,pull cart,4,,save,007-4
1168,009a_1.jpg,fruit cake,4,,save,009-4
1169,009b_1.jpg,fruit cake,4,,save,009-4
1170,010a_2.jpg,leaf rake,4,,save,010-4
1171,010b_2.jpg,leaf rake,4,,save,010-4
1174,012a_2.jpg,silver tea set,4,,save,012-4
1175,012b_2.jpg,silver tea set,4,,save,012-4
1176,013a_1.jpg,treadmill,4,,save,013-4
1177,013b_1.jpg,treadmill,4,,save,013-4
1182,016a_1.jpg,metal trash can,4,,save,016-4
1183,016b_1.jpg,metal trash can,4,,save,016-4
1184,017a_1.jpg,bridge maquette,4,,save,017-4
1185,017b_1.jpg,bridge maquette,4,,save,017-4
1192,021a_2.jpg,cairns,4,,save,021-4
1193,021b_2.jpg,cairns,4,,save,021-4
1196,023a_2.jpg,metronome,4,,save,023-4
1197,023b_2.jpg,metronome,4,,save,023-4
1200,025a_1.jpg,crab fork,4,,save,025-4
1201,025b_1.jpg,crab fork,4,,save,025-4
1204,027a_2.jpg,nail clippers,4,,save,027-4
1205,027b_2.jpg,nail clippers,4,,save,027-4
1206,028a_1.jpg,flute,4,,save,028-4
1207,028b_1.jpg,flute,4,,save,028-4
1208,029a_2.jpg,analog clock,4,,save,029-4
1209,029b_2.jpg,analog clock,4,,save,029-4
1210,030a_1.jpg,car tire,4,,save,030-4
1211,030b_1.jpg,car tire,4,,save,030-4
1212,031a_2.jpg,bird nest,4,,save,031-4
1213,031b_2.jpg,bird nest,4,,save,031-4
1214,032a_1.jpg,black bowl,4,,save,032-4
1215,032b_1.jpg,black bowl,4,,save,032-4
1216,033a_2.jpg,monitor,4,,save,033-4
1217,033b_2.jpg,monitor,4,,save,033-4
1222,036a_1.jpg,balloon dog,4,,save,036-4
1223,036b_1.jpg,balloon dog,4,,save,036-4
1224,037a_1.jpg,desk-chair,4,,save,037-4
1225,037b_1.jpg,desk-chair,4,,save,037-4
1226,038a_2.jpg,hammer,4,,save,038-4
1227,038b_2.jpg,hammer,4,,save,038-4
1228,039a_2.jpg,record player,4,,save,039-4
1229,039b_2.jpg,record player,4,,save,039-4
1230,040a_2.jpg,hair brush,4,,save,040-4
1231,040b_2.jpg,hair brush,4,,save,040-4
1232,041a_1.jpg,billiard cues,4,,save,041-4
1233,041b_1.jpg,billiard cues,4,,save,041-4
1234,042a_2.jpg,flip flops,4,,save,042-4
1235,042b_2.jpg,flip flops,4,,save,042-4
1236,043a_1.jpg,chocolate bunny,4,,save,043-4
1237,043b_1.jpg,chocolate bunny,4,,save,043-4
1238,044a_2.jpg,old telephone,4,,save,044-4
1239,044b_2.jpg,old telephone,4,,save,044-4
1240,045a_1.jpg,fire hydrant,4,,save,045-4
1241,045b_1.jpg,fire hydrant,4,,save,045-4
1244,047a_1.jpg,burrito,4,,save,047-4
1245,047b_1.jpg,burrito,4,,save,047-4
1246,048a_1.jpg,chocolate candy apple stick,4,,save,048-4
1247,048b_1.jpg,chocolate candy apple stick,4,,save,048-4
1248,049a_1.jpg,monkey with cymbals,4,,save,049-4
1249,049b_1.jpg,monkey with cymbals,4,,save,049-4
1250,050a_1.jpg,briefcase,4,,save,050-4
1251,050b_1.jpg,briefcase,4,,save,050-4
1252,051a_1.jpg,dvd pack,4,,save,051-4
1253,051b_1.jpg,dvd pack,4,,save,051-4
1254,052a_2.jpg,radioactive sign,4,,save,052-4
1255,052b_2.jpg,radioactive sign,4,,save,052-4
1256,053a_1.jpg,bananas,4,,save,053-4
1257,053b_1.jpg,bananas,4,,save,053-4
1258,054a_2.jpg,volleyball,4,,save,054-4
1259,054b_2.jpg,volleyball,4,,save,054-4
1260,055a_2.jpg,swimming goggles,4,,save,055-4
1261,055b_2.jpg,swimming goggles,4,,save,055-4
1262,056a_2.jpg,swing,4,,save,056-4
1263,056b_2.jpg,swing,4,,save,056-4
1264,057a_1.jpg,stack of boxes,4,,save,057-4
1265,057b_1.jpg,stack of boxes,4,,save,057-4
1270,060a_1.jpg,karate outfit,4,,save,060-4
1271,060b_1.jpg,karate outfit,4,,save,060-4
1272,061a_1.jpg,slingshot,4,,save,061-4
1273,061b_1.jpg,slingshot,4,,save,061-4
1274,062a_2.jpg,disposable photo camera,4,,save,062-4
1275,062b_2.jpg,disposable photo camera,4,,save,062-4
1276,063a_2.jpg,woman's hand,4,,save,063-4
1277,063b_2.jpg,woman's hand,4,,save,063-4
1278,064a_2.jpg,clapperboard,4,,save,064-4
1279,064b_2.jpg,clapperboard,4,,save,064-4
1280,065a_1.jpg,retro candlestick holder,4,,save,065-4
1281,065b_1.jpg,retro candlestick holder,4,,save,065-4
1282,066a_1.jpg,baseball cap,4,,save,066-4
1283,066b_1.jpg,baseball cap,4,,save,066-4
1284,067a_1.jpg,thermos water flask,4,,save,067-4
1285,067b_1.jpg,thermos water flask,4,,save,067-4
1286,068a_2.jpg,foam roll,4,,save,068-4
1287,068b_2.jpg,foam roll,4,,save,068-4
1290,070a_2.jpg,chest medal,4,,save,070-4
1291,070b_2.jpg,chest medal,4,,save,070-4
1292,071a_1.jpg,jeans overalls,4,,save,071-4
1293,071b_1.jpg,jeans overalls,4,,save,071-4
1296,073a_2.jpg,lock,4,,save,073-4
1297,073b_2.jpg,lock,4,,save,073-4
1298,074a_2.jpg,tape with dispenser,4,,save,074-4
1299,074b_2.jpg,tape with dispenser,4,,save,074-4
1300,075a_1.jpg,hot tub,4,,save,075-4
1301,075b_1.jpg,hot tub,4,,save,075-4
1302,076a_2.jpg,pizza cutter,4,,save,076-4
1303,076b_2.jpg,pizza cutter,4,,save,076-4
1304,077a_2.jpg,gardening gloves,4,,save,077-4
1305,077b_2.jpg,gardening gloves,4,,save,077-4
1306,078a_1.jpg,fountain pen,4,,save,078-4
1307,078b_1.jpg,fountain pen,4,,save,078-4
1308,079a_1.jpg,italian flag,4,,save,079-4
1309,079b_1.jpg,italian flag,4,,save,079-4
1314,082a_1.jpg,saddle,4,,save,082-4
1315,082b_1.jpg,saddle,4,,save,082-4
1316,083a_1.jpg,plastic fish,4,,save,083-4
1317,083b_1.jpg,plastic fish,4,,save,083-4
1318,084a_1.jpg,drawing pin,4,,save,084-4
1319,084b_1.jpg,drawing pin,4,,save,084-4
1322,086a_1.jpg,carrots,4,,save,086-4
1323,086b_1.jpg,carrots,4,,save,086-4
1328,089a_1.jpg,grapefruit,4,,save,089-4
1329,089b_1.jpg,grapefruit,4,,save,089-4
1332,091a_2.jpg,chocolate chip cookie,4,,save,091-4
1333,091b_2.jpg,chocolate chip cookie,4,,save,091-4
1336,093a_2.jpg,caterpillar,4,,save,093-4
1337,093b_2.jpg,caterpillar,4,,save,093-4
1338,094a_1.jpg,bulletproof vest,4,,save,094-4
1339,094b_1.jpg,bulletproof vest,4,,save,094-4
1340,095a_2.jpg,shoehorn,4,,save,095-4
1341,095b_2.jpg,shoehorn,4,,save,095-4
1344,097a_1.jpg,toilet,4,,save,097-4
1345,097b_1.jpg,toilet,4,,save,097-4
1346,098a_1.jpg,acorn,4,,save,098-4
1347,098b_1.jpg,acorn,4,,save,098-4
1350,100a_2.jpg,christmas decorations,4,,save,100-4
1351,100b_2.jpg,christmas decorations,4,,save,100-4
1352,101a_2.jpg,pepper mill,4,,save,101-4
1353,101b_2.jpg,pepper mill,4,,save,101-4
1356,103a_1.jpg,plastic chicken,4,,save,103-4
1357,103b_1.jpg,plastic chicken,4,,save,103-4
1358,104a_1.jpg,stairmaster,4,,save,104-4
1359,104b_1.jpg,stairmaster,4,,save,104-4
1360,105a_1.jpg,baby bottle,4,,save,105-4
1361,105b_1.jpg,baby bottle,4,,save,105-4
1362,106a_2.jpg,safety jacket,4,,save,106-4
1363,106b_2.jpg,safety jacket,4,,save,106-4
1366,108a_1.jpg,beach ball,4,,save,108-4
1367,108b_1.jpg,beach ball,4,,save,108-4
1370,110a_2.jpg,batman sign,4,,save,110-4
1371,110b_2.jpg,batman sign,4,,save,110-4
1372,111a_1.jpg,ceiling fan,4,,save,111-4
1373,111b_1.jpg,ceiling fan,4,,save,111-4
1376,113a_2.jpg,wine rack,4,,save,113-4
1377,113b_2.jpg,wine rack,4,,save,113-4
1380,115a_2.jpg,wrist watch,4,,save,115-4
1381,115b_2.jpg,wrist watch,4,,save,115-4
1386,118a_2.jpg,comb,4,,save,118-4
1387,118b_2.jpg,comb,4,,save,118-4
1388,119a_1.jpg,feather earrings,4,,save,119-4
1389,119b_1.jpg,feather earrings,4,,save,119-4
1390,120a_1.jpg,pacifier,4,,save,120-4
1391,120b_1.jpg,pacifier,4,,save,120-4
1392,121a_2.jpg,santa hat,4,,save,121-4
1393,121b_2.jpg,santa hat,4,,save,121-4
1396,123a_1.jpg,hairdryer,4,,save,123-4
1397,123b_1.jpg,hairdryer,4,,save,123-4
1400,125a_1.jpg,handle,4,,save,125-4
1401,125b_1.jpg,handle,4,,save,125-4
1402,126a_1.jpg,kayak,4,,save,126-4
1403,126b_1.jpg,kayak,4,,save,126-4
1404,127a_2.jpg,paper cutter,4,,save,127-4
1405,127b_2.jpg,paper cutter,4,,save,127-4
1406,128a_2.jpg,coin purse,4,,save,128-4
1407,128b_2.jpg,coin purse,4,,save,128-4
1408,129a_2.jpg,fracture boot,4,,save,129-4
1409,129b_2.jpg,fracture boot,4,,save,129-4
1414,132a_2.jpg,leather jacket,4,,save,132-4
1415,132b_2.jpg,leather jacket,4,,save,132-4
1420,135a_2.jpg,wheat,4,,save,135-4
1421,135b_2.jpg,wheat,4,,save,135-4
1426,138a_1.jpg,paint palette,4,,save,138-4
1427,138b_1.jpg,paint palette,4,,save,138-4
1428,139a_1.jpg,shark,4,,save,139-4
1429,139b_1.jpg,shark,4,,save,139-4
1430,140a_2.jpg,donut,4,,save,140-4
1431,140b_2.jpg,donut,4,,save,140-4
1432,141a_2.jpg,tape measure,4,,save,141-4
1433,141b_2.jpg,tape measure,4,,save,141-4
1434,142a_2.jpg,protien shaker,4,,save,142-4
1435,142b_2.jpg,protien shaker,4,,save,142-4
1436,143a_1.jpg,pet bowl,4,,save,143-4
1437,143b_1.jpg,pet bowl,4,,save,143-4
1438,144a_1.jpg,egg holder,4,,save,144-4
1439,144b_1.jpg,egg holder,4,,save,144-4
1440,145a_1.jpg,blender,4,,save,145-4
1441,145b_1.jpg,blender,4,,save,145-4
1444,147a_2.jpg,penny,4,,save,147-4
1445,147b_2.jpg,penny,4,,save,147-4
1446,148a_1.jpg,shower head,4,,save,148-4
1447,148b_1.jpg,shower head,4,,save,148-4
1448,149a_2.jpg,bed,4,,save,149-4
1449,149b_2.jpg,bed,4,,save,149-4
1450,150a_2.jpg,bath shower rack,4,,save,150-4
1451,150b_2.jpg,bath shower rack,4,,save,150-4
1454,152a_1.jpg,robot dog toy,4,,save,152-4
1455,152b_1.jpg,robot dog toy,4,,save,152-4
1456,153a_2.jpg,skeleton,4,,save,153-4
1457,153b_2.jpg,skeleton,4,,save,153-4
1458,154a_2.jpg,bingo,4,,save,154-4
1459,154b_2.jpg,bingo,4,,save,154-4
1460,155a_2.jpg,candy dispenser,4,,save,155-4
1461,155b_2.jpg,candy dispenser,4,,save,155-4
1464,157a_2.jpg,superglue,4,,save,157-4
1465,157b_2.jpg,superglue,4,,save,157-4
1466,158a_1.jpg,dining chair,4,,save,158-4
1467,158b_1.jpg,dining chair,4,,save,158-4
1468,159a_1.jpg,piata,4,,save,159-4
1469,159b_1.jpg,piata,4,,save,159-4
1474,162a_2.jpeg,ice skates,4,,save,162-4
1475,162b_2.jpg,ice skates,4,,save,162-4
1478,164a_1.jpg,grand piano,4,,save,164-4
1479,164b_1.jpg,grand piano,4,,save,164-4
1480,165a_1.jpg,dry eraser,4,,save,165-4
1481,165b_1.jpg,dry eraser,4,,save,165-4
1482,166a_2.jpg,trowel,4,,save,166-4
1483,166b_2.jpg,trowel,4,,save,166-4
1484,167a_2.jpg,gardening hoe,4,,save,167-4
1485,167b_2.jpg,gardening hoe,4,,save,167-4
1488,169a_2.jpg,gramophone,4,,save,169-4
1489,169b_2.jpg,gramophone,4,,save,169-4
1490,170a_1.jpg,can opener,4,,save,170-4
1491,170b_1.jpg,can opener,4,,save,170-4
1492,171a_2.jpg,pizza slice,4,,save,171-4
1493,171b_2.jpg,pizza slice,4,,save,171-4
1496,173a_2.jpg,locker cabinet,4,,save,173-4
1497,173b_2.jpg,locker cabinet,4,,save,173-4
1498,174a_2.jpg,leather shoe,4,,save,174-4
1499,174b_2.jpg,leather shoe,4,,save,174-4
1500,175a_1.jpg,necklace,4,,save,175-4
1501,175b_1.jpg,necklace,4,,save,175-4
1502,176a_1.jpg,post-it note,4,,save,176-4
1503,176b_1.jpg,post-it note,4,,save,176-4
1504,177a_2.jpg,alcohol flask,4,,save,177-4
1505,177b_2.jpg,alcohol flask,4,,save,177-4
1506,178a_2.jpg,hair clips,4,,save,178-4
1507,178b_2.jpg,hair clips,4,,save,178-4
1508,179a_1.jpg,bangade wrap,4,,save,179-4
1509,179b_1.jpg,bangade wrap,4,,save,179-4
1510,180a_1.jpg,jackfruit,4,,save,180-4
1511,180b_1.jpg,jackfruit,4,,save,180-4
1512,181a_1.jpg,surfboard,4,,save,181-4
1513,181b_1.jpg,surfboard,4,,save,181-4
1516,183a_1.jpg,gardening scissor,4,,save,183-4
1517,183b_1.jpg,gardening scissor,4,,save,183-4
1518,184a_1.jpg,ping pong table,4,,save,184-4
1519,184b_1.jpg,ping pong table,4,,save,184-4
1520,185a_1.jpg,cone,4,,save,185-4
1521,185b_1.jpg,cone,4,,save,185-4
1522,186a_2.jpg,rug,4,,save,186-4
1523,186b_2.jpg,rug,4,,save,186-4
1526,188a_2.jpg,coffee beans,4,,save,188-4
1527,188b_2.jpg,coffee beans,4,,save,188-4
1528,189a_2.jpg,duffle bag,4,,save,189-4
1529,189b_2.jpg,duffle bag,4,,save,189-4
1530,190a_1.jpg,bag of chips,4,,save,190-4
1531,190b_1.jpg,bag of chips,4,,save,190-4
1532,191a_2.jpg,classic guitar,4,,save,191-4
1533,191b_2.jpeg,classic guitar,4,,save,191-4
1534,192a_2.jpg,air hockey,4,,save,192-4
1535,192b_2.jpg,air hockey,4,,save,192-4
1536,001a_2.jpg,peanut butter,5,,save,001-5
1537,001b_2.jpg,peanut butter,5,,save,001-5
1538,002a_2.jpg,leaf blower,5,,save,002-5
1539,002b_2.jpg,leaf blower,5,,save,002-5
1542,004a_1.jpg,lime,5,,save,004-5
1543,004b_1.jpg,lime,5,,save,004-5
1544,005a_2.jpg,fishbowl,5,,save,005-5
1545,005b_2.jpg,fishbowl,5,,save,005-5
1546,006a_1.jpg,torch,5,,save,006-5
1547,006b_1.jpg,torch,5,,save,006-5
1548,007a_2.jpg,desk,5,,save,007-5
1549,007b_2.jpg,desk,5,,save,007-5
1550,008a_1.jpg,plant,5,,save,008-5
1551,008b_1.jpg,plant,5,,save,008-5
1552,009a_1.jpg,bulldog clip,5,,save,009-5
1553,009b_1.jpg,bulldog clip,5,,save,009-5
1554,010a_2.jpg,ring binder,5,,save,010-5
1555,010b_2.jpg,ring binder,5,,save,010-5
1556,011a_1.jpg,frog,5,,save,011-5
1557,011b_1.jpg,frog,5,,save,011-5
1558,012a_2.jpg,measuring spoons,5,,save,012-5
1559,012b_2.jpg,measuring spoons,5,,save,012-5
1560,013a_1.jpg,high heels,5,,save,013-5
1561,013b_1.jpg,high heels,5,,save,013-5
1562,014a_2.jpg,aerophone,5,,save,014-5
1563,014b_2.jpg,aerophone,5,,save,014-5
1564,015a_1.jpg,baritone,5,,save,015-5
1565,015b_1.jpg,baritone,5,,save,015-5
1566,016a_1.jpg,gum,5,,save,016-5
1567,016b_1.jpg,gum,5,,save,016-5
1570,018a_1.jpg,mr potato head,5,,save,018-5
1571,018b_1.jpg,mr potato head,5,,save,018-5
1572,019a_2.jpg,rubber duck,5,,save,019-5
1573,019b_2.jpg,rubber duck,5,,save,019-5
1574,020a_1.jpg,popsicle stick,5,,save,020-5
1575,020b_1.jpg,popsicle stick,5,,save,020-5
1576,021a_2.jpg,chicken drumstick,5,,save,021-5
1577,021b_2.jpg,chicken drumstick,5,,save,021-5
1584,025a_1.jpg,laundry,5,,save,025-5
1585,025b_1.jpg,laundry,5,,save,025-5
1586,026a_1.jpg,umbrella,5,,save,026-5
1587,026b_1.jpg,umbrella,5,,save,026-5
1590,028a_1.jpg,traffic cone,5,,save,028-5
1591,028b_1.jpg,traffic cone,5,,save,028-5
1592,029a_2.jpg,notebook,5,,save,029-5
1593,029b_2.jpg,notebook,5,,save,029-5
1594,030a_1.jpg,vacuum cleaner,5,,save,030-5
1595,030b_1.jpg,vacuum cleaner,5,,save,030-5
1596,031a_2.jpg,kendama,5,,save,031-5
1597,031b_2.jpg,kendama,5,,save,031-5
1598,032a_1.jpg,inflatable pool,5,,save,032-5
1599,032b_1.jpg,inflatable pool,5,,save,032-5
1600,033a_2.jpg,stapler,5,,save,033-5
1601,033b_2.jpg,stapler,5,,save,033-5
1602,034a_2.jpg,cupcake,5,,save,034-5
1603,034b_2.jpg,cupcake,5,,save,034-5
1608,037a_1.jpg,papaya,5,,save,037-5
1609,037b_1.jpg,papaya,5,,save,037-5
1610,038a_2.jpg,dustpan,5,,save,038-5
1611,038b_2.jpg,dustpan,5,,save,038-5
1612,039a_2.jpg,graham crackers,5,,save,039-5
1613,039b_2.jpg,graham crackers,5,,save,039-5
1614,040a_2.jpg,electric lamp,5,,save,040-5
1615,040b_2.jpg,electric lamp,5,,save,040-5
1616,041a_1.jpg,shirt,5,,save,041-5
1617,041b_1.jpg,shirt,5,,save,041-5
1618,042a_2.jpg,watering can,5,,save,042-5
1619,042b_2.jpg,watering can,5,,save,042-5
1620,043a_1.jpg,sunflower,5,,save,043-5
1621,043b_1.jpg,sunflower,5,,save,043-5
1626,046a_2.jpg,multi purpose swiss knife tool,5,,save,046-5
1627,046b_2.jpg,multi purpose swiss knife tool,5,,save,046-5
1628,047a_1.jpg,magnetic knife rack,5,,save,047-5
1629,047b_1.jpg,magnetic knife rack,5,,save,047-5
1630,048a_1.jpg,speakers,5,,save,048-5
1631,048b_1.jpg,speakers,5,,save,048-5
1632,049a_1.jpg,tie,5,,save,049-5
1633,049b_1.jpg,tie,5,,save,049-5
1634,050a_1.jpg,strainer,5,,save,050-5
1635,050b_1.jpg,strainer,5,,save,050-5
1638,052a_2.jpg,apple,5,,save,052-5
1639,052b_2.jpg,apple,5,,save,052-5
1640,053a_1.jpg,eye shade,5,,save,053-5
1641,053b_1.jpg,eye shade,5,,save,053-5
1642,054a_2.jpg,school lunch,5,,save,054-5
1643,054b_2.jpg,school lunch,5,,save,054-5
1644,055a_2.jpg,bowling ball,5,,save,055-5
1645,055b_2.jpg,bowling ball,5,,save,055-5
1646,056a_2.jpg,confetti bow,5,,save,056-5
1647,056b_2.jpg,confetti bow,5,,save,056-5
1650,058a_2.jpg,toothbrush,5,,save,058-5
1651,058b_2.jpg,toothbrush,5,,save,058-5
1652,059a_1.jpg,party hat,5,,save,059-5
1653,059b_1.jpg,party hat,5,,save,059-5
1654,060a_1.jpg,coat rack,5,,save,060-5
1655,060b_1.jpg,coat rack,5,,save,060-5
1656,061a_1.jpg,sunhat,5,,save,061-5
1657,061b_1.jpg,sunhat,5,,save,061-5
1660,063a_2.jpg,credit cards,5,,save,063-5
1661,063b_2.jpg,credit cards,5,,save,063-5
1662,064a_2.jpg,cooler,5,,save,064-5
1663,064b_2.jpg,cooler,5,,save,064-5
1664,065a_1.jpg,orange juice maker,5,,save,065-5
1665,065b_1.jpg,orange juice maker,5,,save,065-5
1666,066a_1.jpg,bar stool,5,,save,066-5
1667,066b_1.jpg,bar stool,5,,save,066-5
1668,067a_1.jpg,bathroom sink,5,,save,067-5
1669,067b_1.jpg,bathroom sink,5,,save,067-5
1670,068a_2.jpg,ironing board,5,,save,068-5
1671,068b_2.jpg,ironing board,5,,save,068-5
1672,069a_2.jpg,sauce boat,5,,save,069-5
1673,069b_2.jpg,sauce boat,5,,save,069-5
1674,070a_2.jpg,plastic drawer,5,,save,070-5
1675,070b_2.jpg,plastic drawer,5,,save,070-5
1676,071a_1.jpg,cat scrather,5,,save,071-5
1677,071b_1.jpg,cat scrather,5,,save,071-5
1678,072a_1.jpg,stopwatch,5,,save,072-5
1679,072b_1.jpg,stopwatch,5,,save,072-5
1680,073a_2.jpg,door knocker,5,,save,073-5
1681,073b_2.jpg,door knocker,5,,save,073-5
1682,074a_2.jpg,gate,5,,save,074-5
1683,074b_2.jpg,gate,5,,save,074-5
1684,075a_1.jpg,paper decorator,5,,save,075-5
1685,075b_1.jpg,paper decorator,5,,save,075-5
1686,076a_2.jpg,rubber mallet,5,,save,076-5
1687,076b_2.jpg,rubber mallet,5,,save,076-5
1688,077a_2.jpg,tape recorder,5,,save,077-5
1689,077b_2.jpg,tape recorder,5,,save,077-5
1692,079a_1.jpg,harp,5,,save,079-5
1693,079b_1.jpg,harp,5,,save,079-5
1694,080a_2.jpg,cd player,5,,save,080-5
1695,080b_2.jpg,cd player,5,,save,080-5
1696,081a_1.jpg,oil and vinegar set,5,,save,081-5
1697,081b_1.jpg,oil and vinegar set,5,,save,081-5
1698,082a_1.jpg,desk lamp,5,,save,082-5
1699,082b_1.jpg,desk lamp,5,,save,082-5
1702,084a_1.jpg,abacus,5,,save,084-5
1703,084b_1.jpg,abacus,5,,save,084-5
1704,085a_2.jpg,key,5,,save,085-5
1705,085b_2.jpg,key,5,,save,085-5
1706,086a_1.jpg,bike wheel,5,,save,086-5
1707,086b_1.jpg,bike wheel,5,,save,086-5
1708,087a_2.jpg,knot,5,,save,087-5
1709,087b_2.jpg,knot,5,,save,087-5
1710,088a_1.jpg,straight pick tool,5,,save,088-5
1711,088b_1.jpg,straight pick tool,5,,save,088-5
1712,089a_1.jpg,pretzel,5,,save,089-5
1713,089b_1.jpg,pretzel,5,,save,089-5
1714,090a_1.jpg,christmas wreath,5,,save,090-5
1715,090b_1.jpg,christmas wreath,5,,save,090-5
1718,092a_1.jpg,corn on cobb,5,,save,092-5
1719,092b_1.jpg,corn on cobb,5,,save,092-5
1720,093a_2.jpg,pencil,5,,save,093-5
1721,093b_2.jpg,pencil,5,,save,093-5
1722,094a_1.jpg,handcuffs,5,,save,094-5
1723,094b_1.jpg,handcuffs,5,,save,094-5
1724,095a_2.jpg,sewing ball with pins,5,,save,095-5
1725,095b_2.jpg,sewing ball with pins,5,,save,095-5
1732,099a_2.jpg,muffin,5,,save,099-5
1733,099b_2.jpg,muffin,5,,save,099-5
1736,101a_2.jpg,bonsai tree,5,,save,101-5
1737,101b_2.jpg,bonsai tree,5,,save,101-5
1738,102a_1.jpg,tea kettle,5,,save,102-5
1739,102b_1.jpg,tea kettle,5,,save,102-5
1740,103a_1.jpg,owl figure,5,,save,103-5
1741,103b_1.jpg,owl figure,5,,save,103-5
1742,104a_1.jpg,bike light,5,,save,104-5
1743,104b_1.jpg,bike light,5,,save,104-5
1744,105a_1.jpg,pickle,5,,save,105-5
1745,105b_1.jpg,pickle,5,,save,105-5
1746,106a_2.jpg,lint roller,5,,save,106-5
1747,106b_2.jpg,lint roller,5,,save,106-5
1748,107a_2.jpg,fluffy keychain,5,,save,107-5
1749,107b_2.jpg,fluffy keychain,5,,save,107-5
1750,108a_1.jpg,old carriage,5,,save,108-5
1751,108b_1.jpg,old carriage,5,,save,108-5
1752,109a_1.jpg,slinky,5,,save,109-5
1753,109b_1.jpg,slinky,5,,save,109-5
1754,110a_2.jpg,sandwich,5,,save,110-5
1755,110b_2.jpg,sandwich,5,,save,110-5
1756,111a_1.jpg,hair clip,5,,save,111-5
1757,111b_1.jpg,hair clip,5,,save,111-5
1758,112a_1.jpg,coconut,5,,save,112-5
1759,112b_1.jpg,coconut,5,,save,112-5
1762,114a_1.jpg,dice,5,,save,114-5
1763,114b_1.jpg,dice,5,,save,114-5
1768,117a_2.jpg,rubber eraser,5,,save,117-5
1769,117b_2.jpg,rubber eraser,5,,save,117-5
1770,118a_2.jpg,post card,5,,save,118-5
1771,118b_2.jpg,post card,5,,save,118-5
1772,119a_1.jpg,standing mirror,5,,save,119-5
1773,119b_1.jpg,standing mirror,5,,save,119-5
1774,120a_1.jpg,speaker podium,5,,save,120-5
1775,120b_1.jpg,speaker podium,5,,save,120-5
1780,123a_1.jpg,door mat,5,,save,123-5
1781,123b_1.jpg,door mat,5,,save,123-5
1782,124a_2.jpg,shopping cart,5,,save,124-5
1783,124b_2.jpg,shopping cart,5,,save,124-5
1784,125a_1.jpg,indoor bike,5,,save,125-5
1785,125b_1.jpg,indoor bike,5,,save,125-5
1788,127a_2.jpg,fridge,5,,save,127-5
1789,127b_2.jpg,fridge,5,,save,127-5
1790,128a_2.jpg,hole puncher tool,5,,save,128-5
1791,128b_2.jpg,hole puncher tool,5,,save,128-5
1792,129a_2.jpg,bell,5,,save,129-5
1793,129b_2.jpg,bell,5,,save,129-5
1794,130a_2.jpg,kitchen water tap,5,,save,130-5
1795,130b_2.jpg,kitchen water tap,5,,save,130-5
1796,131a_1.jpg,walnut in shell,5,,save,131-5
1797,131b_1.jpg,walnut in shell,5,,save,131-5
1800,133a_1.jpg,kitchen spice collection,5,,save,133-5
1801,133b_1.jpg,kitchen spice collection,5,,save,133-5
1804,135a_2.jpg,motorcycle,5,,save,135-5
1805,135b_2.jpg,motorcycle,5,,save,135-5
1806,136a_2.jpg,garden drawf,5,,save,136-5
1807,136b_2.jpg,garden drawf,5,,save,136-5
1808,137a_1.jpg,paper shredder,5,,save,137-5
1809,137b_1.jpg,paper shredder,5,,save,137-5
1810,138a_1.jpg,jalapeo pepper,5,,save,138-5
1811,138b_1.jpg,jalapeo pepper,5,,save,138-5
1812,139a_1.jpg,old gps,5,,save,139-5
1813,139b_1.jpg,old gps,5,,save,139-5
1814,140a_2.jpg,plasma tv,5,,save,140-5
1815,140b_2.jpg,plasma tv,5,,save,140-5
1816,141a_2.jpg,ear thermometer,5,,save,141-5
1817,141b_2.jpg,ear thermometer,5,,save,141-5
1818,142a_2.jpg,rocking chair,5,,save,142-5
1819,142b_2.jpg,rocking chair,5,,save,142-5
1820,143a_1.jpg,rollerblades,5,,save,143-5
1821,143b_1.jpg,rollerblades,5,,save,143-5
1822,144a_1.jpg,golf cart,5,,save,144-5
1823,144b_1.jpg,golf cart,5,,save,144-5
1826,146a_2.jpg,diamond,5,,save,146-5
1827,146b_2.jpg,diamond,5,,save,146-5
1828,147a_2.jpg,gun,5,,save,147-5
1829,147b_2.jpg,gun,5,,save,147-5
1832,149a_2.jpg,pasta server,5,,save,149-5
1833,149b_2.jpg,pasta server,5,,save,149-5
1834,150a_2.jpg,fishing rod,5,,save,150-5
1835,150b_2.jpg,fishing rod,5,,save,150-5
1838,152a_1.jpg,car rim,5,,save,152-5
1839,152b_1.jpg,car rim,5,,save,152-5
1840,153a_2.jpg,towel,5,,save,153-5
1841,153b_2.jpg,towel,5,,save,153-5
1842,154a_2.jpg,bull skull,5,,save,154-5
1843,154b_2.jpg,bull skull,5,,save,154-5
1844,155a_2.jpg,bacon,5,,save,155-5
1845,155b_2.jpg,bacon,5,,save,155-5
1848,157a_2.jpg,lobster,5,,save,157-5
1849,157b_2.jpg,lobster,5,,save,157-5
1850,158a_1.jpg,berries,5,,save,158-5
1851,158b_1.jpg,berries,5,,save,158-5
1860,163a_2.jpg,ladel,5,,save,163-5
1861,163b_2.jpg,ladel,5,,save,163-5
1868,167a_2.jpg,basketball hoop,5,,save,167-5
1869,167b_2.jpg,basketball hoop,5,,save,167-5
1874,170a_1.jpg,apple slider,5,,save,170-5
1875,170b_1.jpg,apple slider,5,,save,170-5
1876,171a_2.jpg,laptop protector case,5,,save,171-5
1877,171b_2.jpg,laptop protector case,5,,save,171-5
1878,172a_2.jpg,shoe rack,5,,save,172-5
1879,172b_2.jpg,shoe rack,5,,save,172-5
1880,173a_2.jpg,hanger,5,,save,173-5
1881,173b_2.jpg,hanger,5,,save,173-5
1882,174a_2.jpg,pasta,5,,save,174-5
1883,174b_2.jpg,pasta,5,,save,174-5
1886,176a_1.jpg,studio lights,5,,save,176-5
1887,176b_1.jpg,studio lights,5,,save,176-5
1888,177a_2.jpg,snail shell,5,,save,177-5
1889,177b_2.jpg,snail shell,5,,save,177-5
1892,179a_1.jpg,satellite,5,,save,179-5
1893,179b_1.jpg,satellite,5,,save,179-5
1894,180a_1.jpg,dolly,5,,save,180-5
1895,180b_1.jpg,dolly,5,,save,180-5
1896,181a_1.jpg,chopstick canister,5,,save,181-5
1897,181b_1.jpg,chopstick canister,5,,save,181-5
1898,182a_2.jpg,toy truck,5,,save,182-5
1899,182b_2.jpg,toy truck,5,,save,182-5
1900,183a_1.jpg,sailboat maquette,5,,save,183-5
1901,183b_1.jpg,sailboat maquette,5,,save,183-5
1902,184a_1.jpg,plush octopus,5,,save,184-5
1903,184b_1.jpg,plush octopus,5,,save,184-5
1904,185a_1.jpg,bonbons,5,,save,185-5
1905,185b_1.jpg,bonbons,5,,save,185-5
1906,186a_2.jpg,earplugs,5,,save,186-5
1907,186b_2.jpg,earplugs,5,,save,186-5
1910,188a_2.jpg,football,5,,save,188-5
1911,188b_2.jpg,football,5,,save,188-5
1912,189a_2.jpg,scale,5,,save,189-5
1913,189b_2.jpg,scale,5,,save,189-5
1916,191a_2.jpg,ribbon,5,,save,191-5
1917,191b_2.jpeg,ribbon,5,,save,191-5
1918,192a_2.jpg,tablet,5,,save,192-5
1919,192b_2.jpg,tablet,5,,save,192-5
1920,001a.jpg,egg-shaped stainless steel timer,6,,save,001-6
1921,001b.jpg,egg-shaped stainless steel timer,6,,save,001-6
1922,002a.jpg,shoe lace,6,,save,002-6
1923,002b.jpg,shoe lace,6,,save,002-6
1924,003a.jpg,trash bag 6,6,,save,003-6
1925,003b.jpg,trash bag,6,,save,003-6
1928,005a.jpg,cookie milkshake,6,,save,005-6
1929,005b.jpg,cookie milkshake,6,,save,005-6
1932,007a.jpg,book stack,6,,save,007-6
1933,007b.jpg,book stack,6,,save,007-6
1934,008a.jpg,walntus,6,,save,008-6
1935,008b.jpg,walnuts,6,,save,008-6
1938,010a.jpg,piggy bank,6,,save,010-6
1939,010b.jpg,piggy bank,6,,save,010-6
1942,012a.jpg,doyley paper,6,,save,012-6
1943,012b.jpg,doyley paper,6,,save,012-6
1946,014a.jpg,peppermint candies,6,,save,014-6
1947,014b.jpg,peppermint candies,6,,save,014-6
1948,015a.jpg,cheeseburger,6,,save,015-6
1949,015b.jpg,cheeseburger,6,,save,015-6
1950,016a.jpg,pills,6,,save,016-6
1951,016b.jpg,pills,6,,save,016-6
1954,018a.jpg,sombrero,6,,save,018-6
1955,018b.jpg,sombrero,6,,save,018-6
1956,019a.jpg,travel binders,6,,save,019-6
1957,019b.jpg,travel binders,6,,save,019-6
1958,020a.jpg,cork screws,6,,save,020-6
1959,020b.jpg,cork screws,6,,save,020-6
1960,021a.jpg,cruet set,6,,save,021-6
1961,021b.jpg,cruet set,6,,save,021-6
1962,022a.jpg,pet food bowl,6,,save,022-6
1963,022b.jpg,pet food bowl,6,,save,022-6
1964,023a.jpg,chip bowl,6,,save,023-6
1965,023b.jpg,chip bowl,6,,save,023-6
1966,024a.jpg,cards,6,,save,024-6
1967,024b.jpg,cards,6,,save,024-6
1970,026a.jpg,cowboy boot,6,,save,026-6
1971,026b.jpg,cowboy boot,6,,save,026-6
1972,027a.jpg,melon,6,,save,027-6
1973,027b.jpg,melon,6,,save,027-6
1974,028a.jpg,tv,6,,save,028-6
1975,028b.jpg,tv,6,,save,028-6
1976,029a.jpg,chop sticks,6,,save,029-6
1977,029b.jpg,chop sticks,6,,save,029-6
1978,030a.jpg,wedding ring and engagement ring,6,,save,030-6
1979,030b.jpg,wedding ring and engagement ring,6,,save,030-6
1980,031a.jpg,oven and stove,6,,save,031-6
1981,031b.jpg,oven and stove,6,,save,031-6
1986,034a.jpg,sponge,6,,save,034-6
1987,034b.jpg,sponge,6,,save,034-6
1988,035a.jpg,dolphin stuffed animal,6,,save,035-6
1989,035b.jpg,dolphin stuffed animal,6,,save,035-6
1990,036a.jpg,tulip bouquet,6,,save,036-6
1991,036b.jpg,tulip bouquet,6,,save,036-6
1992,037a.jpg,broccoli,6,,save,037-6
1993,037b.jpg,broccoli,6,,save,037-6
1996,039a.jpg,skies,6,,save,039-6
1997,039b.jpg,skies,6,,save,039-6
1998,040a.jpg,rolling pin,6,,save,040-6
1999,040b.jpg,rolling pin,6,,save,040-6
2000,041a.jpg,wall lantern,6,,save,041-6
2001,041b.jpg,wall lantern,6,,save,041-6
2002,042a.jpg,yoga mat,6,,save,042-6
2003,042b.jpg,yoga mat,6,,save,042-6
2006,044a.jpgeye patch,eye patch,6,,save,044-6
2007,044b.jpg,eye patch,6,,save,044-6
2008,045a.jpg,drums,6,,save,045-6
2009,045b.jpg,drums,6,,save,045-6
2014,048a.jpg,fox,6,,save,048-6
2015,048b.jpg,fox,6,,save,048-6
2024,053a.jpg,scrunchie,6,,save,053-6
2025,053b.jpg,scrunchie,6,,save,053-6
2028,055a.jpg,oven mitt,6,,save,055-6
2029,055b.jpg,oven mitt,6,,save,055-6
2030,056a.jpg,candy corn,6,,save,056-6
2031,056b.jpg,candy corn,6,,save,056-6
2032,057a.jpg,light switches,6,,save,057-6
2033,057b.jpg,light switches,6,,save,057-6
2036,059a.jpg,accordion,6,,save,059-6
2037,059b.jpg,accordion,6,,save,059-6
2042,062a.jpg,pie dish,6,,save,062-6
2043,062b.jpg,pie dish,6,,save,062-6
2044,063a.jpg,sushi,6,,save,063-6
2045,063b.jpg,sushi,6,,save,063-6
2046,064a.jpg,sunglasses,6,,save,064-6
2047,064b.jpg,sunglasses,6,,save,064-6
2048,065a.jpg,music stand,6,,save,065-6
2049,065b.jpg,music stand,6,,save,065-6
2050,066a.jpg,salami,6,,save,066-6
2051,066b.jpg,salami,6,,save,066-6
2054,068a.jpg,concrete block,6,,save,068-6
2055,068b.jpg,concrete block,6,,save,068-6
2056,069a.jpg,camel,6,,save,069-6
2057,069b.jpg,camel,6,,save,069-6
2060,071a.jpg,picnic basket,6,,save,071-6
2061,071b.jpg,picnic basket,6,,save,071-6
2062,072a.jpg,mouse trap,6,,save,072-6
2063,072b.jpg,mouse trap,6,,save,072-6
2064,073a.jpg,toilet paper,6,,save,073-6
2065,073b.jpg,toilet paper,6,,save,073-6
2066,074a.jpg,flower petal,6,,save,074-6
2067,074b.jpg,flower petal,6,,save,074-6
2068,075a.jpg,pocket watch,6,,save,075-6
2069,075b.jpg,pocket watch,6,,save,075-6
2070,076a.jpg,slug,6,,save,076-6
2071,076b.jpg,slug,6,,save,076-6
2072,077a.jpg,teeter totter,6,,save,077-6
2073,077b.jpg,teeter totter,6,,save,077-6
2074,078a.jpg,helmet,6,,save,078-6
2075,078b.jpg,helmet,6,,save,078-6
2078,080a.jpg,pear,6,,save,080-6
2079,080b.jpg,pear,6,,save,080-6
2080,081a.jpg,dinosaur,6,,save,081-6
2081,081b.jpg,dinosaur,6,,save,081-6
2082,082a.jpg,popcorn machine,6,,save,082-6
2083,082b.jpg,popcorn machine,6,,save,082-6
2084,083a.jpg,eraser,6,,save,083-6
2085,083b.jpg,eraser,6,,save,083-6
2088,085a.jpg,door,6,,save,085-6
2089,085b.jpg,door,6,,save,085-6
2098,090a.jpg,half log,6,,save,090-6
2099,090b.jpg,half log,6,,save,090-6
2100,091a.jpg,metal detector,6,,save,091-6
2101,091b.jpg,metal detector,6,,save,091-6
2102,092a.jpg,lei/flower necklace,6,,save,092-6
2103,092b.jpg,lei/flower necklace,6,,save,092-6
2104,093a.jpg,chicken,6,,save,093-6
2105,093b.jpg,chicken,6,,save,093-6
2106,094a.jpg,quill and inkwell,6,,save,094-6
2107,094b.jpg,quill and inkwell,6,,save,094-6
2108,095a.jpg,rubik's cube,6,,save,095-6
2109,095b.jpg,rubik's cube,6,,save,095-6
2112,097a.jpg,silhouette,6,,save,097-6
2113,097b.jpg,silhouette,6,,save,097-6
2114,098a.jpg,staples,6,,save,098-6
2115,098b.jpg,staples,6,,save,098-6
2118,100a.jpg,medal,6,,save,100-6
2119,100b.jpg,medal,6,,save,100-6
2120,101a.jpg,exit sign,6,,save,101-6
2121,101b.jpg,exit sign,6,,save,101-6
2122,102a.jpg,doll,6,,save,102-6
2123,102b.jpg,doll,6,,save,102-6
2124,103a.jpg,violin,6,,save,103-6
2125,103b.jpg,violin,6,,save,103-6
2128,105a.jpg,newspapers,6,,save,105-6
2129,105b.jpg,newspapers,6,,save,105-6
2130,106a.jpg,tissue box,6,,save,106-6
2131,106b.jpg,tissue box,6,,save,106-6
2134,108a.jpg,hand truck,6,,save,108-6
2135,108b.jpg,hand truck,6,,save,108-6
2136,109a.jpg,chair stack,6,,save,109-6
2137,109b.jpg,chair stack,6,,save,109-6
2138,110a.jpg,paint and brush,6,,save,110-6
2139,110b.jpg,paint and brush,6,,save,110-6
2140,111a.jpg,dishes and rack,6,,save,111-6
2141,111b.jpg,dishes and rack,6,,save,111-6
2142,112a.jpg,teddy bear,6,,save,112-6
2143,112b.jpg,teddy bear,6,,save,112-6
2144,113a.jpg,boxing gloves,6,,save,113-6
2145,113b.jpg,boxing gloves,6,,save,113-6
2148,115a.jpg,screw,6,,save,115-6
2149,115b.jpg,screw,6,,save,115-6
2150,116a.jpg,goldfish,6,,save,116-6
2151,116b.jpg,goldfish,6,,save,116-6
2152,117a.jpg,voting sticker,6,,save,117-6
2153,117b.jpg,voting sticker,6,,save,117-6
2154,118a.jpg,scarf,6,,save,118-6
2155,118b.jpg,scarf,6,,save,118-6
2156,119a.jpg,lighter,6,,save,119-6
2157,119b.jpg,lighter,6,,save,119-6
2158,120a.jpg,light,6,,save,120-6
2159,120b.jpg,light,6,,save,120-6
2162,122a.jpg,peeler,6,,save,122-6
2163,122b.jpg,peeler,6,,save,122-6
2170,126a.jpg,dog house,6,,save,126-6
2171,126b.jpg,dog house,6,,save,126-6
2172,127a.jpg,martini,6,,save,127-6
2173,127b.jpg,martini,6,,save,127-6
2176,129a.jpg,band-aid,6,,save,129-6
2177,129b.jpg,band-aid,6,,save,129-6
2178,130a.jpg,microscope,6,,save,130-6
2179,130b.jpg,microscope,6,,save,130-6
2180,131a.jpg,gift bag,6,,save,131-6
2181,131b.jpg,gift bag,6,,save,131-6
2182,132a.jpg,sunscreen,6,,save,132-6
2183,132b.jpg,sunscreen,6,,save,132-6
2184,133a.jpg,hose,6,,save,133-6
2185,133b.jpg,hose,6,,save,133-6
2188,135a.jpg,bow tie,6,,save,135-6
2189,135b.jpg,bow tie,6,,save,135-6
2190,136a.jpg,hourglass timer,6,,save,136-6
2191,136b.jpg,hourglass timer,6,,save,136-6
2192,137a.jpg,mailbox,6,,save,137-6
2193,137b.jpg,mailbox,6,,save,137-6
2196,139a.jpg,tiles,6,,save,139-6
2197,139b.jpg,tiles,6,,save,139-6
2200,141a.jpg,heater,6,,save,141-6
2201,141b.jpg,heater,6,,save,141-6
2202,142a.jpg,alarm clock,6,,save,142-6
2203,142b.jpg,alarm clock,6,,save,142-6
2204,143a.jpg,cast,6,,save,143-6
2205,143b.jpg,cast,6,,save,143-6
2206,144a.jpg,gift basket,6,,save,144-6
2207,144b.jpg,gift basket,6,,save,144-6
2208,145a.jpg,plum,6,,save,145-6
2209,145b.jpg,plum,6,,save,145-6
2210,146a.jpg,toy whale,6,,save,146-6
2211,146b.jpg,toy whale,6,,save,146-6
2212,147a.jpg,dish set,6,,save,147-6
2213,147b.jpg,dish set,6,,save,147-6
2214,148a.jpg,cigarette tray,6,,save,148-6
2215,148b.jpg,cigarette tray,6,,save,148-6
2216,149a.jpg,refrigerator,6,,save,149-6
2217,149b.jpg,refrigerator,6,,save,149-6
2218,150a.jpg,manikin,6,,save,150-6
2219,150b.jpg,manikin,6,,save,150-6
2220,151a.jpg,toy soldier,6,,save,151-6
2221,151b.jpg,toy soldier,6,,save,151-6
2222,152a.jpg,celery,6,,save,152-6
2223,152b.jpg,celery,6,,save,152-6
2224,153a.jpg,journal,6,,save,153-6
2225,153b.jpg,journal,6,,save,153-6
2226,154a.jpg,washer machine,6,,save,154-6
2227,154b.jpg,washer machine,6,,save,154-6
2228,155a.jpg,plier,6,,save,155-6
2229,155b.jpg,plier,6,,save,155-6
2230,156a.jpg,purse,6,,save,156-6
2231,156b.jpg,purse,6,,save,156-6
2234,158a.jpg,bagel,6,,save,158-6
2235,158b.jpg,bagel,6,,save,158-6
2240,161a.jpg,golf ball,6,,save,161-6
2241,161b.jpg,golf ball,6,,save,161-6
2244,163a.jpg,toy rocket,6,,save,163-6
2245,163b.jpg,toy rocket,6,,save,163-6
2248,165a.jpg,pen,6,,save,165-6
2249,165b.jpg,pen,6,,save,165-6
2250,166a.jpg,onion,6,,save,166-6
2251,166b.jpg,onion,6,,save,166-6
2252,167a.jpg,hand print,6,,save,167-6
2253,167b.jpg,hand print,6,,save,167-6
2254,168a.jpg,curling iron,6,,save,168-6
2255,168b.jpg,curling iron,6,,save,168-6
2260,171a.jpg,guitar,6,,save,171-6
2261,171b.jpg,guitar,6,,save,171-6
2262,172a.jpg,street light,6,,save,172-6
2263,172b.jpg,street light,6,,save,172-6
2264,173a.jpg,ketchup,6,,save,173-6
2265,173b.jpg,ketchup,6,,save,173-6
2266,174a.jpg,ladle,6,,save,174-6
2267,174b.jpg,ladle,6,,save,174-6
2268,175a.jpg,grater,6,,save,175-6
2269,175b.jpg,grater,6,,save,175-6
2270,176a.jpg,cart,6,,save,176-6
2271,176b.jpg,cart,6,,save,176-6
2272,177a.jpg,bow and arrow,6,,save,177-6
2273,177b.jpg,bow and arrow,6,,save,177-6
2276,179a.jpg,tongs,6,,save,179-6
2277,179b.jpg,tongs,6,,save,179-6
2278,180a.jpg,stuffed animal,6,,save,180-6
2279,180b.jpg,stuffed animal,6,,save,180-6
2280,181a.jpg,tiger,6,,save,181-6
2281,181b.jpg,tiger,6,,save,181-6
2282,182a.jpg,popcorn box,6,,save,182-6
2283,182b.jpg,popcorn box,6,,save,182-6
2284,183a.jpg,furniture chair,6,,save,183-6
2285,183b.jpg,furniture chair,6,,save,183-6
2286,184a.jpg,stilts,6,,save,184-6
2287,184b.jpg,stilts,6,,save,184-6
2288,185a.jpg,pen with grip adapters,6,,save,185-6
2289,185b.jpg,pencil with grip adapters,6,,save,185-6
2292,187a.jpg,banana,6,,save,187-6
2293,187b.jpg,banana,6,,save,187-6
2294,188a.jpg,battery,6,,save,188-6
2295,188b.jpg,battery,6,,save,188-6
2300,191a.jpg,potato,6,,save,191-6
2301,191b.jpg,potato,6,,save,191-6
2302,192a.jpg,clover,6,,save,192-6
2303,192b.jpg,clover,6,,save,192-6
2308,003a.jpg,pinecone,c,,save,003-c
2309,003b.jpg,pinecone,c,,save,003-c
2340,019a.jpg,wheelbarrow,c,,save,019-c
2341,019b.jpg,wheelbarrow,c,,save,019-c
2348,023a.jpg,drum,c,,save,023-c
2349,023b.jpg,drum,c,,save,023-c
2350,024a.jpg,eggs,c,,save,024-c
2351,024b.jpg,eggs,c,,save,024-c
2354,026a.jpg,hourglass,c,,save,026-c
2355,026b.jpg,hourglass,c,,save,026-c
2362,030a.jpg,measuring cups,c,,save,030-c
2363,030b.jpg,measuring cups,c,,save,030-c
2364,031a.jpg,medals,c,,save,031-c
2365,031b.jpg,medals,c,,save,031-c
2368,033a.jpg,microscopes,c,,save,033-c
2369,033b.jpg,microscopes,c,,save,033-c
2370,034a.jpg,paintbrush,c,,save,034-c
2371,034b.jpg,paintbrush,c,,save,034-c
2376,037a.jpg,badminton,c,,save,037-c
2377,037b.jpg,badminton,c,,save,037-c
2380,039a.jpg,hand-shovel,c,,save,039-c
2381,039b.jpg,hand-shovel,c,,save,039-c
2390,044a.jpg,wagon,c,,save,044-c
2391,044b.jpg,wagon,c,,save,044-c
2400,049a.jpg,basketball,c,,save,049-c
2401,049b.jpg,basketball,c,,save,049-c
2402,050a.jpg,icecream and cone,c,,save,050-c
2403,050b.jpg,icecream and cone,c,,save,050-c
2404,051a.jpg,film roll,c,,save,051-c
2405,051b.jpg,film roll,c,,save,051-c
2412,055a.jpg,potted plant bulb,c,,save,055-c
2413,055b.jpg,potted plant bulb,c,,save,055-c
2422,060a.jpg,archery set,c,,save,060-c
2423,060b.jpg,archery set,c,,save,060-c
2428,063a.jpg,palette,c,,save,063-c
2429,063b.jpg,palette,c,,save,063-c
2430,064a.jpg,fish bowl,c,,save,064-c
2431,064b.jpg,fish bowl,c,,save,064-c
2440,069a.jpg,pin,c,,save,069-c
2441,069b.jpg,pin,c,,save,069-c
2450,074a.jpg,fuel nozzle,c,,save,074-c
2451,074b.jpg,fuel nozzle,c,,save,074-c
2452,075a.jpg,clock necklace,c,,save,075-c
2453,075b.jpg,clock necklace,c,,save,075-c
2456,077a.jpg,gem,c,,save,077-c
2457,077b.jpg,gem,c,,save,077-c
2466,082a.jpg,cheese shredder,c,,save,082-c
2467,082b.jpg,cheese shredder,c,,save,082-c
2468,083a.jpg,arm chair,c,,save,083-c
2469,083b.jpg,arm chair,c,,save,083-c
2472,085a.jpg,chainshaw,c,,save,085-c
2473,085b.jpg,chainshaw,c,,save,085-c
2478,088a.jpg,bathtub plug,c,,save,088-c
2479,088b.jpg,bathtub plug,c,,save,088-c
2498,098a.jpg,pompom,c,,save,098-c
2499,098b.jpg,pompom,c,,save,098-c
2504,101a.jpg,plate set,c,,save,101-c
2505,101b.jpg,plate set,c,,save,101-c
2512,105a.jpg,tricycle,c,,save,105-c
2513,105b.jpg,tricycle,c,,save,105-c
2520,109a.jpg,hammok,c,,save,109-c
2521,109b.jpg,hammok,c,,save,109-c
2528,113a.jpg,mailbox slot,c,,save,113-c
2529,113b.jpg,mailbox slot,c,,save,113-c
2538,118a.jpg,outdoor lamp,c,,save,118-c
2539,118b.jpg,outdoor lamp,c,,save,118-c
2542,120a.jpg,ceiling hook screw,c,,save,120-c
2543,120b.jpg,ceiling hook screw,c,,save,120-c
2564,131a.jpg,string trimmer,c,,save,131-c
2565,131b.jpg,string trimmer,c,,save,131-c
2568,133a.jpg,fish bait,c,,save,133-c
2569,133b.jpg,fish bait,c,,save,133-c
2570,134a.jpg,wind vane,c,,save,134-c
2571,134b.jpg,wind vane,c,,save,134-c
2584,141a.jpg,gift box,c,,save,141-c
2585,141b.jpg,gift box,c,,save,141-c
2594,146a.jpg,thermometer reader,c,,save,146-c
2595,146b.jpg,thermometer reader,c,,save,146-c
2596,147a.jpg,brithday cake,c,,save,147-c
2597,147b.jpg,brithday cake,c,,save,147-c
2600,149a.jpg,display cabinet,c,,save,149-c
2601,149b.jpg,display cabinet,c,,save,149-c
2616,157a.jpg,floor lamp,c,,save,157-c
2617,157b.jpg,floor lamp,c,,save,157-c
2630,164a.jpg,steering wheel,c,,save,164-c
2631,164b.jpg,steering wheel,c,,save,164-c
2632,165a.jpg,polisher,c,,save,165-c
2633,165b.jpg,polisher,c,,save,165-c
2634,166a.jpg,washer,c,,save,166-c
2635,166b.jpg,washer,c,,save,166-c
2636,167a.jpg,plastic bag,c,,save,167-c
2637,167b.jpg,plastic bag,c,,save,167-c
2644,171a.jpg,hokey stick,c,,save,171-c
2645,171b.jpg,hokey stick,c,,save,171-c
2648,173a.jpg,ski jacket,c,,save,173-c
2649,173b.jpg,ski jacket,c,,save,173-c
2654,176a.jpg,gazebo,c,,save,176-c
2655,176b.jpg,gazebo,c,,save,176-c
2656,177a.jpg,shelf rack,c,,save,177-c
2657,177b.jpg,shelf rack,c,,save,177-c
2660,179a.jpg,crystal container,c,,save,179-c
2661,179b.jpg,crystal container,c,,save,179-c
2674,186a.jpg,water refill container,c,,save,186-c
2675,186b.jpg,water refill container,c,,save,186-c
2678,188a.jpg,ring box,c,,save,188-c
2679,188b.jpg,ring box,c,,save,188-c
2682,190a.jpg,garlic presser,c,,save,190-c
2683,190b.jpg,garlic presser,c,,save,190-c
2690,002a_2.jpg,vise,d,,save,002-d
2691,002b_2.jpg,vise,d,,save,002-d
2698,006a_1.jpg,four leaf clover,d,,save,006-d
2699,006b_1.jpg,four leaf clover,d,,save,006-d
2704,009a_1.jpg,glasses,d,,save,009-d
2705,009b_1.jpg,glasses,d,,save,009-d
2714,014a_2.jpg,piggie bank,d,,save,014-d
2715,014b_2.jpg,piggie bank,d,,save,014-d
2736,025a_1.jpg,hiking backpack,d,,save,025-d
2737,025b_1.jpg,hiking backpack,d,,save,025-d
2744,029a_2.jpg,lillies,d,,save,029-d
2745,029b_2.jpg,lillies,d,,save,029-d
2748,031a_2.jpg,golf clubs,d,,save,031-d
2749,031b_2.jpg,golf clubs,d,,save,031-d
2758,036a_1.jpg,ceiling light,d,,save,036-d
2759,036b_1.jpg,ceiling light,d,,save,036-d
2770,042a_2.jpg,wall plug,d,,save,042-d
2771,042b_2.jpg,wall plug,d,,save,042-d
2780,047a_1.jpg,luggage,d,,save,047-d
2781,047b_1.jpg,luggage,d,,save,047-d
2792,053a_1.jpg,mannequin head,d,,save,053-d
2793,053b_1.jpg,mannequin head,d,,save,053-d
2798,056a_2.jpg,laptop,d,,save,056-d
2799,056b_2.jpg,laptop,d,,save,056-d
2804,059a_1.jpg,halloween pumpkin,d,,save,059-d
2805,059b_1.jpg,halloween pumpkin,d,,save,059-d
2808,061a_1.jpg,saxxophone,d,,save,061-d
2809,061b_1.jpg,saxxophone,d,,save,061-d
2816,065a_1.jpg,apothecary scale,d,,save,065-d
2817,065b_1.jpg,apothecary scale,d,,save,065-d
2818,066a_1.jpg,digital camera,d,,save,066-d
2819,066b_1.jpg,digital camera,d,,save,066-d
2842,078a_1.jpg,engagement ring,d,,save,078-d
2843,078b_1.jpg,engagement ring,d,,save,078-d
2870,092a_1.jpg,race car toy,d,,save,092-d
2871,092b_1.jpg,race car toy,d,,save,092-d
2904,109a_1.jpg,nails,d,,save,109-d
2905,109b_1.jpg,nails,d,,save,109-d
2928,121a_2.jpg,for sale sign,d,,save,121-d
2929,121b_2.jpg,for sale sign,d,,save,121-d
2938,126a_1.jpg,green bean,d,,save,126-d
2939,126b_1.jpg,green bean,d,,save,126-d
2944,129a_2.jpg,gardening scissors,d,,save,129-d
2945,129b_2.jpg,gardening scissors,d,,save,129-d
2952,133a_1.jpg,kitchen brush,d,,save,133-d
2953,133b_1.jpg,kitchen brush,d,,save,133-d
2956,135a_2.jpg,flower necklace,d,,save,135-d
2957,135b_2.jpg,flower necklace,d,,save,135-d
2958,136a_2.jpg,baseball gloves,d,,save,136-d
2959,136b_2.jpg,baseball gloves,d,,save,136-d
2962,138a_1.jpg,kenu,d,,save,138-d
2963,138b_1.jpg,kenu,d,,save,138-d
2978,146a_2.jpg,paper towel,d,,save,146-d
2979,146b_2.jpg,paper towel,d,,save,146-d
2988,151a_2.jpg,ipod player,d,,save,151-d
2989,151b_2.jpg,ipod player,d,,save,151-d
3000,157a_2.jpg,coffee thermos,d,,save,157-d
3001,157b_2.jpg,coffee thermos,d,,save,157-d
3024,169a_2.jpg,heating pad,d,,save,169-d
3025,169b_2.jpg,heating pad,d,,save,169-d
3026,170a_1.jpg,nailer,d,,save,170-d
3027,170b_1.jpg,nailer,d,,save,170-d
3040,177a_2.jpg,front door,d,,save,177-d
3041,177b_2.jpg,front door,d,,save,177-d
3046,180a_1.jpg,plush goat,d,,save,180-d
3047,180b_1.jpg,plush goat,d,,save,180-d
3058,186a_2.jpg,thinker statue,d,,save,186-d
3059,186b_2.jpg,thinker statue,d,,save,186-d
3066,190a_1.jpg,ice trays,d,,save,190-d
3067,190b_1.jpg,ice trays,d,,save,190-d
3070,192a_2.jpg,laundry basket,d,,save,192-d
3071,192b_2.jpg,laundry basket,d,,save,192-d
3076,003a_2.jpg,bunny slippers,e,,save,003-e
3077,003b_2.jpg,bunny slippers,e,,save,003-e
3082,006a_1.jpg,weight barbell,e,,save,006-e
3083,006b_1.jpg,weight barbell,e,,save,006-e
3112,021a_2.jpg,door knob,e,,save,021-e
3113,021b_2.jpg,door knob,e,,save,021-e
3114,022a_2.jpg,old cell phone,e,,save,022-e
3115,022b_2.jpg,old cell phone,e,,save,022-e
3116,023a_2.jpg,silverware,e,,save,023-e
3117,023b_2.jpg,silverware,e,,save,023-e
3118,024a_2.jpg,wine cork,e,,save,024-e
3119,024b_2.jpg,wine cork,e,,save,024-e
3124,027a_2.jpg,skiing goggles,e,,save,027-e
3125,027b_2.jpg,skiing goggles,e,,save,027-e
3134,032a_1.jpg,coffee maker,e,,save,032-e
3135,032b_1.jpg,coffee maker,e,,save,032-e
3136,033a_2.jpg,power drill,e,,save,033-e
3137,033b_2.jpg,power drill,e,,save,033-e
3146,038a_2.jpg,knitting kit,e,,save,038-e
3147,038b_2.jpg,knitting kit,e,,save,038-e
3152,041a_1.jpg,leash,e,,save,041-e
3153,041b_1.jpg,leash,e,,save,041-e
3186,058a_2.jpg,bobby pin,e,,save,058-e
3187,058b_2.jpg,bobby pin,e,,save,058-e
3188,059a_1.jpg,cat carrier,e,,save,059-e
3189,059b_1.jpg,cat carrier,e,,save,059-e
3190,060a_1.jpg,domino,e,,save,060-e
3191,060b_1.jpg,domino,e,,save,060-e
3192,061a_1.jpg,tickets,e,,save,061-e
3193,061b_1.jpg,tickets,e,,save,061-e
3210,070a_2.jpg,pet food,e,,save,070-e
3211,070b_2.jpg,pet food,e,,save,070-e
3212,071a_1.jpg,paper lamp cover,e,,save,071-e
3213,071b_1.jpg,paper lamp cover,e,,save,071-e
3216,073a_2.jpg,food tray,e,,save,073-e
3217,073b_2.jpg,food tray,e,,save,073-e
3220,075a_1.jpg,bathing suit,e,,save,075-e
3221,075b_1.jpg,bathing suit,e,,save,075-e
3226,078a_1.jpg,contact lense holder,e,,save,078-e
3227,078b_1.jpg,contact lense holder,e,,save,078-e
3228,079a_1.jpg,toy dinosaur,e,,save,079-e
3229,079b_1.jpg,toy dinosaur,e,,save,079-e
3236,083a_1.jpg,loofah sponge,e,,save,083-e
3237,083b_1.jpg,loofah sponge,e,,save,083-e
3248,089a_1.jpg,guitar amp,e,,save,089-e
3249,089b_1.jpg,guitar amp,e,,save,089-e
3250,090a_1.jpg,toy house,e,,save,090-e
3251,090b_1.jpg,toy house,e,,save,090-e
3262,096a_1.jpg,wedding cake,e,,save,096-e
3263,096b_1.jpg,wedding cake,e,,save,096-e
3266,098a_1.jpg,plush lion,e,,save,098-e
3267,098b_1.jpg,plush lion,e,,save,098-e
3272,101a_2.jpg,cotton swab,e,,save,101-e
3273,101b_2.jpg,cotton swab,e,,save,101-e
3288,109a_1.jpg,bowl of cereal,e,,save,109-e
3289,109b_1.jpg,bowl of cereal,e,,save,109-e
3290,110a_2.jpg,festive mask,e,,save,110-e
3291,110b_2.jpg,festive mask,e,,save,110-e
3294,112a_1.jpg,oil and vinegar cruet,e,,save,112-e
3295,112b_1.jpg,oil and vinegar cruet,e,,save,112-e
3298,114a_1.jpg,ice cream,e,,save,114-e
3299,114b_1.jpg,ice cream,e,,save,114-e
3300,115a_2.jpg,swan,e,,save,115-e
3301,115b_2.jpg,swan,e,,save,115-e
3304,117a_2.jpg,odd sided dice,e,,save,117-e
3305,117b_2.jpg,odd sided dice,e,,save,117-e
3332,131a_1.jpg,gymnatis bars,e,,save,131-e
3333,131b_1.jpg,gymnatis bars,e,,save,131-e
3338,134a_2.jpg,cantelope,e,,save,134-e
3339,134b_2.jpg,cantelope,e,,save,134-e
3340,135a_2.jpg,pastry,e,,save,135-e
3341,135b_2.jpg,pastry,e,,save,135-e
3342,136a_2.jpg,airplane toy,e,,save,136-e
3343,136b_2.jpg,airplane toy,e,,save,136-e
3348,139a_1.jpg,origami,e,,save,139-e
3349,139b_1.jpg,origami,e,,save,139-e
3350,140a_2.jpg,traffic light,e,,save,140-e
3351,140b_2.jpg,traffic light,e,,save,140-e
3352,141a_2.jpg,cinnabon,e,,save,141-e
3353,141b_2.jpg,cinnabon,e,,save,141-e
3354,142a_2.jpg,hair curler,e,,save,142-e
3355,142b_2.jpg,hair curler,e,,save,142-e
3360,145a_1.jpg,fish net,e,,save,145-e
3361,145b_1.jpg,fish net,e,,save,145-e
3362,146a_2.jpg,umbrella pick,e,,save,146-e
3363,146b_2.jpg,umbrella pick,e,,save,146-e
3364,147a_2.jpg,web camera,e,,save,147-e
3365,147b_2.jpg,web camera,e,,save,147-e
3366,148a_1.jpg,glue gun,e,,save,148-e
3367,148b_1.jpg,glue gun,e,,save,148-e
3374,152a_1.jpg,horse statue,e,,save,152-e
3375,152b_1.jpg,horse statue,e,,save,152-e
3390,160a_1.jpg,crocks,e,,save,160-e
3391,160b_1.jpg,crocks,e,,save,160-e
3392,161a_1.jpg,pill organizer,e,,save,161-e
3393,161b_1.jpg,pill organizer,e,,save,161-e
3394,162a_2.jpeg,gold jar,e,,save,162-e
3395,162b_2.jpg,gold jar,e,,save,162-e
3400,165a_1.jpg,shake,e,,save,165-e
3401,165b_1.jpg,shake,e,,save,165-e
3404,167a_2.jpg,snow plow,e,,save,167-e
3405,167b_2.jpg,snow plow,e,,save,167-e
3414,172a_2.jpg,sushi roll,e,,save,172-e
3415,172b_2.jpg,sushi roll,e,,save,172-e
3418,174a_2.jpg,tandem,e,,save,174-e
3419,174b_2.jpg,tandem,e,,save,174-e
3432,181a_1.jpg,patio heater,e,,save,181-e
3433,181b_1.jpg,patio heater,e,,save,181-e
3436,183a_1.jpg,track obstacle,e,,save,183-e
3437,183b_1.jpg,track obstacle,e,,save,183-e
3440,185a_1.jpg,sphynx,e,,save,185-e
3441,185b_1.jpg,sphynx,e,,save,185-e
3456,001a_2.jpg,potato peeler,f,,save,001-f
3457,001b_2.jpg,potato peeler,f,,save,001-f
3464,005a_2.jpg,clipboard,f,,save,005-f
3465,005b_2.jpg,clipboard,f,,save,005-f
3466,006a_1.jpg,easel,f,,save,006-f
3467,006b_1.jpg,easel,f,,save,006-f
3478,012a_2.jpg,caf sign,f,,save,012-f
3479,012b_2.jpg,caf sign,f,,save,012-f
3500,023a_2.jpg,oven,f,,save,023-f
3501,023b_2.jpg,oven,f,,save,023-f
3504,025a_1.jpg,airpot coffee dispenser,f,,save,025-f
3505,025b_1.jpg,airpot coffee dispenser,f,,save,025-f
3508,027a_2.jpg,insents,f,,save,027-f
3509,027b_2.jpg,insents,f,,save,027-f
3522,034a_2.jpg,parade mask,f,,save,034-f
3523,034b_2.jpg,parade mask,f,,save,034-f
3530,038a_2.jpg,tonks,f,,save,038-f
3531,038b_2.jpg,tonks,f,,save,038-f
3536,041a_1.jpg,nail filer,f,,save,041-f
3537,041b_1.jpg,nail filer,f,,save,041-f
3544,045a_1.jpg,band aid,f,,save,045-f
3545,045b_1.jpg,band aid,f,,save,045-f
3570,058a_2.jpg,hair tie,f,,save,058-f
3571,058b_2.jpg,hair tie,f,,save,058-f
3572,059a_1.jpg,loudspeaker,f,,save,059-f
3573,059b_1.jpg,loudspeaker,f,,save,059-f
3588,067a_1.jpg,rumba shaker,f,,save,067-f
3589,067b_1.jpg,rumba shaker,f,,save,067-f
3592,069a_2.jpg,xilophone,f,,save,069-f
3593,069b_2.jpg,xilophone,f,,save,069-f
3606,076a_2.jpg,petri dish,f,,save,076-f
3607,076b_2.jpg,petri dish,f,,save,076-f
3616,081a_1.jpg,silverware with tray,f,,save,081-f
3617,081b_1.jpg,silverware with tray,f,,save,081-f
3630,088a_1.jpg,cleaning gloves,f,,save,088-f
3631,088b_1.jpg,cleaning gloves,f,,save,088-f
3634,090a_1.jpg,cocktail,f,,save,090-f
3635,090b_1.jpg,cocktail,f,,save,090-f
3636,091a_2.jpg,windshield wiper,f,,save,091-f
3637,091b_2.jpg,windshield wiper,f,,save,091-f
3640,093a_2.jpg,coffee filters,f,,save,093-f
3641,093b_2.jpg,coffee filters,f,,save,093-f
3648,097a_1.jpg,dish rack,f,,save,097-f
3649,097b_1.jpg,dish rack,f,,save,097-f
3652,099a_2.jpg,cuticle cutter,f,,save,099-f
3653,099b_2.jpg,cuticle cutter,f,,save,099-f
3714,130a_2.jpg,clip?,f,,save,130-f
3715,130b_2.jpg,clip?,f,,save,130-f
3724,135a_2.jpg,defibrillator,f,,save,135-f
3725,135b_2.jpg,defibrillator,f,,save,135-f
3740,143a_1.jpg,knitting yarn,f,,save,143-f
3741,143b_1.jpg,knitting yarn,f,,save,143-f
3742,144a_1.jpg,thread,f,,save,144-f
3743,144b_1.jpg,thread,f,,save,144-f
3760,153a_2.jpg,lunch bag,f,,save,153-f
3761,153b_2.jpg,lunch bag,f,,save,153-f
3772,159a_1.jpg,chopsticks,f,,save,159-f
3773,159b_1.jpg,chopsticks,f,,save,159-f
3784,165a_1.jpg,hoop earring,f,,save,165-f
3785,165b_1.jpg,hoop earring,f,,save,165-f
3790,168a_1.jpg,handprint,f,,save,168-f
3791,168b_1.jpg,handprint,f,,save,168-f
3804,175a_1.jpg,plastic container,f,,save,175-f
3805,175b_1.jpg,plastic container,f,,save,175-f
3818,182a_2.jpg,gold dust,f,,save,182-f
3819,182b_2.jpg,gold dust,f,,save,182-f
3834,190a_1.jpg,camera film,f,,save,190-f
3835,190b_1.jpg,camera film,f,,save,190-f
3836,191a_2.jpg,disposable camera,f,,save,191-f
3837,191b_2.jpeg,disposable camera,f,,save,191-f
