index,MDT-O ,Object,Set #,Lure Rating,Notes
0,001a_2.jpg,tulips,1,,
1,001b_2.jpg,tulips,1,4,
2,002a_2.jpg,pom pom,1,,
3,002b_2.jpg,pom pom,1,5,
4,003a_2.jpg,for sale sign,1,,
5,003b_2.jpg,for sale sign,1,4,
6,004a_1.jpg,thimble,1,,
7,004b_1.jpg,thimble,1,3,
8,005a_2.jpg,atm,1,,
9,005b_2.jpg,atm,1,4,
10,006a_1.jpg,flash light,1,,
11,006b_1.jpg,flash light,1,1,
12,007a_2.jpg,eye glasses,1,,
13,007b_2.jpg,eye glasses,1,2,
14,008a_1.jpg,computer,1,,
15,008b_1.jpg,computer,1,2,
16,009a_1.jpg,calculator,1,,
17,009b_1.jpg,calculator,1,3,
18,010a_2.jpg,paper lantern,1,,
19,010b_2.jpg,paper lantern,1,1,
20,011a_1.jpg,wrench,1,,
21,011b_1.jpg,wrench,1,1,
22,012a_2.jpg,staple remover,1,,
23,012b_2.jpg,staple remover,1,1,
24,013a_1.jpg,neck pillow,1,,
25,013b_1.jpg,neck pillow,1,5,
26,014a_2.jpg,wheelchair,1,,
27,014b_2.jpg,wheelchair,1,1,
28,015a_1.jpg,vhs tape,1,,
29,015b_1.jpg,vhs tape,1,1,
30,016a_1.jpg,pie,1,,
31,016b_1.jpg,pie,1,2,
32,017a_1.jpg,pillow,1,,
33,017b_1.jpg,pillow,1,3,
34,018a_1.jpg,rocket,1,,
35,018b_1.jpg,rocket,1,5,
36,019a_2.jpg,on/off  switch,1,,
37,019b_2.jpg,on/off  switch,1,1,
38,020a_1.jpg,boxes,1,,
39,020b_1.jpg,boxes,1,3,
40,021a_2.jpg,armor,1,,
41,021b_2.jpg,armor,1,3,
42,022a_2.jpg,straw,1,,
43,022b_2.jpg,straw,1,5,
44,023a_2.jpg,shrimp,1,,
45,023b_2.jpg,shrimp,1,4,
46,024a_2.jpg,hockey stick,1,,
47,024b_2.jpg,hockey stick,1,3,
48,025a_1.jpg,pumpkin,1,,
49,025b_1.jpg,pumpkin,1,2,
50,026a_1.jpg,luggage,1,,
51,026b_1.jpg,luggage,1,5,
52,027a_2.jpg,fridge,1,,
53,027b_2.jpg,fridge,1,1,
54,028a_1.jpg,tray,1,,
55,028b_1.jpg,tray,1,4,
56,029a_2.jpg,hamster cage,1,,
57,029b_2.jpg,hamster cage,1,3,
58,030a_1.jpg,jump rope,1,,
59,030b_1.jpg,jump rope,1,1,
60,031a_2.jpg,ipod,1,,
61,031b_2.jpg,ipod,1,4,
62,032a_1.jpg,wedding cake,1,,
63,032b_1.jpg,wedding cake,1,2,
64,033a_2.jpg,monopoly,1,,
65,033b_2.jpg,monopoly,1,2,
66,034a_2.jpg,thermostat,1,,
67,034b_2.jpg,thermostat,1,2,
68,035a_2.jpg,pumpkin pie,1,,
69,035b_2.jpg,pumpkin pie,1,3,
70,036a_1.jpg,bulldozer,1,,
71,036b_1.jpg,bulldozer,1,4,
72,037a_1.jpg,soap dispenser,1,,
73,037b_1.jpg,soap dispenser,1,5,
74,038a_2.jpg,cinnamon roll,1,,
75,038b_2.jpg,cinnamon roll,1,1,
76,039a_2.jpg,giraffe,1,,
77,039b_2.jpg,giraffe,1,4,
78,040a_2.jpg,feather,1,,
79,040b_2.jpg,feather,1,2,
80,041a_1.jpg,cookie,1,,
81,041b_1.jpg,cookie,1,5,
82,042a_2.jpg,lantern,1,,
83,042b_2.jpg,lantern,1,1,
84,043a_1.jpg,disco ball,1,,
85,043b_1.jpg,disco ball,1,1,
86,044a_2.jpg,funnel,1,,
87,044b_2.jpg,funnel,1,3,
88,045a_1.jpg,drum set,1,,
89,045b_1.jpg,drum set,1,3,
90,046a_2.jpg,nail,1,,
91,046b_2.jpg,nail,1,2,
92,047a_1.jpg,graduation cap,1,,
93,047b_1.jpg,graduation cap,1,3,
94,048a_1.jpg,spork,1,,
95,048b_1.jpg,spork,1,1,
96,049a_1.jpg,broom,1,,
97,049b_1.jpg,broom,1,1,
98,050a_1.jpg,hoop earrings,1,,
99,050b_1.jpg,hoop earrings,1,5,
100,051a_1.jpg,magnifying glass,1,,
101,051b_1.jpg,magnifying glass,1,2,
102,052a_2.jpg,mask,1,,
103,052b_2.jpg,mask,1,2,
104,053a_1.jpg,stroller,1,,
105,053b_1.jpg,stroller,1,1,
106,054a_2.jpg,strawberry,1,,
107,054b_2.jpg,strawberry,1,1,
108,055a_2.jpg,cheese grater,1,,
109,055b_2.jpg,cheese grater,1,3,
110,056a_2.jpg,seahorse,1,,
111,056b_2.jpg,seahorse,1,1,
112,057a_1.jpg,files,1,,
113,057b_1.jpg,files,1,5,
114,058a_2.jpg,febreze,1,,
115,058b_2.jpg,febreze,1,5,
116,059a_1.jpg,bag clip,1,,
117,059b_1.jpg,bag clip,1,4,
118,060a_1.jpg,buddha statue,1,,
119,060b_1.jpg,buddha statue,1,2,
120,061a_1.jpg,cuticle cutters,1,,
121,061b_1.jpg,cuticle cutters,1,3,
122,062a_2.jpg,paper clip,1,,
123,062b_2.jpg,paper clip,1,2,
124,063a_2.jpg,asparagus,1,,
125,063b_2.jpg,asparagus,1,5,
126,064a_2.jpg,football goal,1,,
127,064b_2.jpg,football goal,1,2,
128,065a_1.jpg,penguin,1,,
129,065b_1.jpg,penguin,1,5,
130,066a_1.jpg,axe,1,,
131,066b_1.jpg,axe,1,3,
132,067a_1.jpg,measuring cup,1,,
133,067b_1.jpg,measuring cup,1,3,
134,068a_2.jpg,toolbox,1,,
135,068b_2.jpg,toolbox,1,2,
136,069a_2.jpg,lable maker,1,,
137,069b_2.jpg,lable maker,1,2,
138,070a_2.jpg,baloons,1,,
139,070b_2.jpg,baloons,1,3,
140,071a_1.jpg,chair,1,,
141,071b_1.jpg,chair,1,4,
142,072a_1.jpg,hair dryer,1,,
143,072b_1.jpg,hair dryer,1,3,
144,073a_2.jpg,erlenmyer flask,1,,
145,073b_2.jpg,erlenmyer flask,1,2,
146,074a_2.jpg,dish brush,1,,
147,074b_2.jpg,dish brush,1,4,
148,075a_1.jpg,bloody mary,1,,
149,075b_1.jpg,bloody mary,1,5,
150,076a_2.jpg,baseball,1,,
151,076b_2.jpg,baseball,1,1,
152,077a_2.jpg,doorknob,1,,
153,077b_2.jpg,doorknob,1,5,
154,078a_1.jpg,cabinet,1,,
155,078b_1.jpg,cabinet,1,3,
156,079a_1.jpg,3d glasses,1,,
157,079b_1.jpg,3d glasses,1,1,
158,080a_2.jpg,chisel,1,,
159,080b_2.jpg,chisel,1,5,
160,081a_1.jpg,jack in the box,1,,
161,081b_1.jpg,jack in the box,1,2,
162,082a_1.jpg,gas pump,1,,
163,082b_1.jpg,gas pump,1,4,
164,083a_1.jpg,platter,1,,
165,083b_1.jpg,platter,1,3,
166,084a_1.jpg,car antenna,1,,
167,084b_1.jpg,car antenna,1,2,
168,085a_2.jpg,keyboard,1,,
169,085b_2.jpg,keyboard,1,1,
170,086a_1.jpg,dish washer,1,,
171,086b_1.jpg,dish washer,1,5,
172,087a_2.jpg,fruit loops,1,,
173,087b_2.jpg,fruit loops,1,3,
174,088a_1.jpg,runner starting block,1,,
175,088b_1.jpg,runner starting block,1,1,
176,089a_1.jpg,bassoon,1,,
177,089b_1.jpg,bassoon,1,3,
178,090a_1.jpg,soccer goal,1,,
179,090b_1.jpg,soccer goal,1,5,
180,091a_2.jpg,power strip,1,,
181,091b_2.jpg,power strip,1,5,
182,092a_1.jpg,fork lift,1,,
183,092b_1.jpg,fork lift,1,3,
184,093a_2.jpg,shower curtain hangers,1,,
185,093b_2.jpg,shower curtain hangers,1,4,
186,094a_1.jpg,lamp,1,,
187,094b_1.jpg,lamp,1,3,
188,095a_2.jpg,benchpress table,1,,
189,095b_2.jpg,benchpress table,1,4,
190,096a_1.jpg,weights,1,,
191,096b_1.jpg,weights,1,4,
192,097a_1.jpg,jeans,1,,
193,097b_1.jpg,jeans,1,3,
194,098a_1.jpg,ice-cube tray,1,,
195,098b_1.jpg,ice-cube tray,1,4,
196,099a_2.jpg,mail slot,1,,
197,099b_2.jpg,mail slot,1,1,
198,100a_2.jpg,spray bottle,1,,
199,100b_2.jpg,spray bottle,1,1,
200,101a_2.jpg,heart keychain,1,,
201,101b_2.jpg,heart keychain,1,2,
202,102a_1.jpg,record,1,,
203,102b_1.jpg,record,1,3,
204,103a_1.jpg,microwave,1,,
205,103b_1.jpg,microwave,1,5,
206,104a_1.jpg,tractor,1,,
207,104b_1.jpg,tractor,1,1,
208,105a_1.jpg,garden gloves,1,,
209,105b_1.jpg,garden gloves,1,4,
210,106a_2.jpg,chocolate popsicle,1,,
211,106b_2.jpg,chocolate popsicle,1,4,
212,107a_2.jpg,paint brush,1,,
213,107b_2.jpg,paint brush,1,2,
214,108a_1.jpg,soccer ball,1,,
215,108b_1.jpg,soccer ball,1,2,
216,109a_1.jpg,stairs,1,,
217,109b_1.jpg,stairs,1,4,
218,110a_2.jpg,iphone,1,,
219,110b_2.jpg,iphone,1,1,
220,111a_1.jpg,butter,1,,
221,111b_1.jpg,butter,1,2,
222,112a_1.jpg,belt,1,,
223,112b_1.jpg,belt,1,5,
224,113a_2.jpg,ruler,1,,
225,113b_2.jpg,ruler,1,3,
226,114a_1.jpg,clarinet,1,,
227,114b_1.jpg,clarinet,1,3,
228,115a_2.jpg,confetti,1,,
229,115b_2.jpg,confetti,1,1,
230,116a_2.jpg,suit,1,,
231,116b_2.jpg,suit,1,4,
232,117a_2.jpg,coffee dispenser,1,,
233,117b_2.jpg,coffee dispenser,1,4,
234,118a_2.jpg,tomato,1,,
235,118b_2.jpg,tomato,1,4,
236,119a_1.jpg,chalk,1,,
237,119b_1.jpg,chalk,1,1,
238,120a_1.jpg,router,1,,
239,120b_1.jpg,router,1,3,
240,121a_2.jpg,swimsuit,1,,
241,121b_2.jpg,suimsuit,1,4,
242,122a_1.jpg,handbag,1,,
243,122b_1.jpg,handbag,1,2,
244,123a_1.jpg,angel statue,1,,
245,123b_1.jpg,angel statue,1,4,
246,124a_2.jpg,projector,1,,
247,124b_2.jpg,projector,1,2,
248,125a_1.jpg,mop,1,,
249,125b_1.jpg,mop,1,4,
250,126a_1.jpg,slippers,1,,
251,126b_1.jpg,slippers,1,5,
252,127a_2.jpg,slotted spatula,1,,
253,127b_2.jpg,slotted spatula,1,2,
254,128a_2.jpg,water jug,1,,
255,128b_2.jpg,water jug,1,2,
256,129a_2.jpg,trumpet,1,,
257,129b_2.jpg,trumpet,1,2,
258,130a_2.jpg,peanuts,1,,
259,130b_2.jpg,peanuts,1,3,
260,132a_2.jpg,anglar ruler,1,,
261,132b_2.jpg,anglar ruler,1,2,
262,133a_1.jpg,wok,1,,
263,133b_1.jpg,wok,1,5,
264,134a_2.jpg,microphone,1,,
265,134b_2.jpg,microphone,1,2,
266,135a_2.jpg,drain stop,1,,
267,135b_2.jpg,drain stop,1,5,
268,136a_2.jpg,blood pressure cuff,1,,
269,136b_2.jpg,blood pressure cuff,1,5,
270,137a_1.jpg,megaphone,1,,
271,137b_1.jpg,megaphone,1,2,
272,138a_1.jpg,rope,1,,
273,138b_1.jpg,rope,1,5,
274,139a_1.jpg,cutting board,1,,
275,139b_1.jpg,cutting board,1,1,
276,140a_2.jpg,sewing machine,1,,
277,140b_2.jpg,sewing machine,1,1,
278,141a_2.jpg,tv cords,1,,
279,141b_2.jpg,tv cords,1,3,
280,142a_2.jpg,balloon,1,,
281,142b_2.jpg,balloon,1,4,
282,143a_1.jpg,toy barn,1,,
283,143b_1.jpg,toy barn,1,4,
284,144a_1.jpg,yoga ball chair,1,,
285,144b_1.jpg,yoga ball chair,1,3,
286,145a_1.jpg,trophy,1,,
287,145b_1.jpg,trophy,1,4,
288,147a_2.jpg,screw hooks,1,,
289,147b_2.jpg,screw hooks,1,5,
290,148a_1.jpg,rose,1,,
291,148b_1.jpg,rose,1,2,
292,149a_2.jpg,wheel barrow,1,,
293,149b_2.jpg,wheel barrow,1,1,
294,150a_2.jpg,tortoise,1,,
295,150b_2.jpg,tortoise,1,4,
296,151a_2.jpg,hole puncher,1,,
297,151b_2.jpg,hole puncher,1,3,
298,152a_1.jpg,duck,1,,
299,152b_1.jpg,duck,1,4,
300,153a_2.jpg,orange juice,1,,
301,153b_2.jpg,orange juice,1,4,
302,154a_2.jpg,axe body spray,1,,
303,154b_2.jpg,axe body spray,1,4,
304,155a_2.jpg,kangaroo,1,,
305,155b_2.jpg,kangaroo,1,5,
306,156a_2.jpg,picture frame,1,,
307,156b_2.JPG,picture frame,1,1,
308,157a_2.jpg,watermelon,1,,
309,157b_2.jpg,watermelon,1,4,
310,158a_1.jpg,beakers,1,,
311,158b_1.jpg,beakers,1,4,
312,159a_1.jpg,stop sign,1,,
313,159b_1.jpg,stop sign,1,4,
314,160a_1.jpg,silverware organizer,1,,
315,160b_1.jpg,silverware organizer,1,3,
316,161a_1.jpg,step stool,1,,
317,161b_1.jpg,step stool,1,4,
318,162a_2.jpeg,movie film,1,,
319,162b_2.jpg,movie film,1,3,
320,163a_2.jpg,semi truck,1,,
321,163b_2.jpg,semi truck,1,3,
322,164a_1.jpg,egg carton,1,,
323,164b_1.jpg,egg carton,1,1,
324,165a_1.jpg,beanie,1,,
325,165b_1.jpg,beanie,1,1,
326,166a_2.jpg,sword,1,,
327,166b_2.jpg,sword,1,1,
328,167a_2.jpg,storage bowl,1,,
329,167b_2.jpg,storage bowl,1,5,
330,168a_1.jpg,map,1,,
331,168b_1.jpg,map,1,1,
334,170a_1.jpg,cheese,1,,
335,170b_1.jpg,cheese,1,5,
336,171a_2.jpg,drain cover,1,,
337,171b_2.jpg,drain cover,1,3,
338,172a_2.jpg,icecream cone,1,,
339,172b_2.jpg,icecream cone,1,5,
340,173a_2.jpg,oreos,1,,
341,173b_2.jpg,oreos,1,1,
342,174a_2.jpg,anchor,1,,
343,174b_2.jpg,anchor,1,1,
344,175a_1.jpg,binoculars,1,,
345,175b_1.jpg,binoculars,1,3,
346,176a_1.jpg,school bus,1,,
347,176b_1.jpg,school bus,1,5,
348,177a_2.jpg,quiver,1,,
349,177b_2.jpg,quiver,1,2,
350,178a_2.jpg,poker chips,1,,
351,178b_2.jpg,poker chips,1,4,
352,179a_1.jpg,tools,1,,
353,179b_1.jpg,tools,1,5,
354,180a_1.jpg,clothing hanger,1,,
355,180b_1.jpg,clothing hanger,1,3,
356,181a_1.jpg,highlighter,1,,
357,181b_1.jpg,highlighter,1,5,
358,182a_2.jpg,peas,1,,
359,182b_2.jpg,peas,1,1,
360,183a_1.jpg,bracelets,1,,
361,183b_1.jpg,bracelets,1,2,
362,184a_1.jpg,gum drops,1,,
363,184b_1.jpg,gum drops,1,5,
364,185a_1.jpg,clock,1,,
365,185b_1.jpg,clock,1,4,
366,186a_2.jpg,studio light,1,,
367,186b_2.jpg,studio light,1,2,
368,187a_1.jpg,air pump,1,,
369,187b_1.jpg,air pump,1,2,
370,188a_2.jpg,speaker,1,,
371,188b_2.jpg,speaker,1,5,
372,189a_2.jpg,espresso machine,1,,
373,189b_2.jpg,espresso machine,1,5,
374,190a_1.jpg,scissors,1,,
375,190b_1.jpg,scissors,1,5,
376,191a_2.jpg,ship in a bottle,1,,
377,191b_2.jpeg,ship in a bottle,1,1,
378,192a_2.jpg,gold bars,1,,
379,192b_2.jpg,gold bars,1,1,
380,001a_2.jpg,plate,2,,
381,001b_2.jpg,plate,2,5,
382,002a_2.jpg,amp,2,,
383,002b_2.jpg,amp,2,1,
384,003a_2.jpg,tile,2,,
385,003b_2.jpg,tile,2,1,
386,004a_1.jpg,pool table,2,,
387,004b_1.jpg,pool table,2,1,
388,005a_2.jpg,engagement ring,2,,
389,005b_2.jpg,engagement ring,2,1,
390,006a_1.jpg,magazines,2,,
391,006b_1.jpg,magazines,2,5,
392,007a_2.jpg,air fresheners,2,,
393,007b_2.jpg,air fresheners,2,3,
394,008a_1.jpg,planet,2,,
395,008b_1.jpg,planet,2,4,
396,009a_1.jpg,knife rack,2,,
397,009b_1.jpg,knife rack,2,4,
398,010a_2.jpg,dress,2,,
399,010b_2.jpg,dress,2,1,
400,011a_1.jpg,cow boy boots,2,,
401,011b_1.jpg,cow boy boots,2,2,
402,012a_2.jpg,lanyard,2,,
403,012b_2.jpg,lanyard,2,3,
404,013a_1.jpg,rideable lawnmower,2,,
405,013b_1.jpg,rideable lawnmower,2,1,
406,014a_2.jpg,parallel bars,2,,
407,014b_2.jpg,parallel bars,2,5,
408,015a_1.jpg,woven basket,2,,
409,015b_1.jpg,woven basket,2,5,
410,016a_1.jpg,mug,2,,
411,016b_1.jpg,mug,2,5,
412,017a_1.jpg,bucket,2,,
413,017b_1.jpg,bucket,2,4,
414,018a_1.jpg,lemon,2,,
415,018b_1.jpg,lemon,2,3,
416,019a_2.jpg,drink umbrella,2,,
417,019b_2.jpg,drink umbrella,2,5,
418,020a_1.jpg,sand,2,,
419,020b_1.jpg,sand,2,3,
420,021a_2.jpg,red cloth table,2,,
421,021b_2.jpg,red cloth table,2,3,
422,022a_2.jpg,saw,2,,
423,022b_2.jpg,saw,2,2,
424,023a_2.jpg,skateboard,2,,
425,023b_2.jpg,skateboard,2,5,
426,024a_2.jpg,nail gun,2,,
427,024b_2.jpg,nail gun,2,3,
428,025a_1.jpg,q-tips,2,,
429,025b_1.jpg,q-tips,2,5,
430,026a_1.jpg,fire alarm,2,,
431,026b_1.jpg,fire alarm,2,5,
432,027a_2.jpg,cannoli,2,,
433,027b_2.jpg,cannoli,2,5,
434,028a_1.jpg,woven laundry basket,2,,
435,028b_1.jpg,woven laundry basket,2,2,
436,029a_2.jpg,silver rattle,2,,
437,029b_2.jpg,silver rattle,2,2,
438,030a_1.jpg,guitar case,2,,
439,030b_1.jpg,guitar case,2,2,
440,031a_2.jpg,faucet,2,,
441,031b_2.jpg,faucet,2,3,
442,032a_1.jpg,folders,2,,
443,032b_1.jpg,folders,2,5,
444,033a_2.jpg,saxophone,2,,
445,033b_2.jpg,saxophone,2,1,
446,034a_2.jpg,office chair,2,,
447,034b_2.jpg,office chair,2,3,
448,036a_1.jpg,gummy worms,2,,
449,036b_1.jpg,gummy worms,2,1,
450,037a_1.jpg,decanter,2,,
451,037b_1.jpg,decanter,2,3,
452,038a_2.jpg,planner,2,,
453,038b_2.jpg,planner,2,3,
454,039a_2.jpg,stop light,2,,
455,039b_2.jpg,stop light,2,4,
456,040a_2.jpg,nail filer,2,,
457,040b_2.jpg,nail filer,2,3,
458,041a_1.jpg,gears,2,,
459,041b_1.jpg,gears,2,2,
460,042a_2.jpg,grapes,2,,
461,042b_2.jpg,grapes,2,5,
462,043a_1.jpg,fire extinguisher,2,,
463,043b_1.jpg,fire extinguisher,2,5,
464,044a_2.jpg,loofah,2,,
465,044b_2.jpg,loofah,2,5,
466,045a_1.jpg,approved,2,,
467,045b_1.jpg,approved,2,1,
468,046a_2.jpg,lion,2,,
469,046b_2.jpg,lion,2,4,
470,047a_1.jpg,apron,2,,
471,047b_1.jpg,apron,2,2,
472,048a_1.jpg,tweezers,2,,
473,048b_1.jpg,tweezers,2,2,
474,049a_1.jpg,gazebo,2,,
475,049b_1.jpg,gazebo,2,2,
476,050a_1.jpg,money,2,,
477,050b_1.jpg,money,2,2,
478,051a_1.jpg,cat,2,,
479,051b_1.jpg,cat,2,2,
480,052a_2.jpg,net,2,,
481,052b_2.jpg,net,2,4,
486,055a_2.jpg,mac and cheese,2,,
487,055b_2.jpg,mac and cheese,2,2,
488,056a_2.jpg,coin rolls,2,,
489,056b_2.jpg,coin rolls,2,3,
490,057a_1.jpg,wine glass,2,,
491,057b_1.jpg,wine glass,2,3,
492,058a_2.jpg,knife,2,,
493,058b_2.jpg,knife,2,4,
494,061a_1.jpg,spider,2,,
495,061b_1.jpg,spider,2,4,
496,062a_2.jpg,tennis ball,2,,
497,062b_2.jpg,tennis ball,2,2,
498,063a_2.jpg,christmas tree,2,,
499,063b_2.jpg,christmas tree,2,4,
500,064a_2.jpg,expo marker,2,,
501,064b_2.jpg,expo marker,2,1,
502,065a_1.jpg,mans head,2,,
503,065b_1.jpg,mans head,2,2,
504,066a_1.jpg,eaten apple,2,,
505,066b_1.jpg,eaten apple,2,1,
506,067a_1.jpg,pogostick,2,,
507,067b_1.jpg,pogostick,2,2,
508,068a_2.jpg,pitchfork,2,,
509,068b_2.jpg,pitchfork,2,4,
510,069a_2.jpg,waffle maker,2,,
511,069b_2.jpg,waffle maker,2,1,
512,070a_2.jpg,chocolate,2,,
513,070b_2.jpg,chocolate,2,2,
514,071a_1.jpg,wallet,2,,
515,071b_1.jpg,wallet,2,1,
516,072a_1.jpg,raffle ticket,2,,
517,072b_1.jpg,raffle ticket,2,1,
518,073a_2.jpg,ash tray,2,,
519,073b_2.jpg,ash tray,2,1,
520,074a_2.jpg,gas mask,2,,
521,074b_2.jpg,gas mask,2,3,
522,075a_1.jpg,hammock swing,2,,
523,075b_1.jpg,hammock swing,2,3,
524,076a_2.jpg,sprout,2,,
525,076b_2.jpg,sprout,2,1,
526,077a_2.jpg,cardboard box,2,,
527,077b_2.jpg,cardboard box,2,4,
528,078a_1.jpg,flute,2,,
529,078b_1.jpg,flute,2,3,
530,079a_1.jpg,barrel,2,,
531,079b_1.jpg,barrel,2,1,
532,080a_2.jpg,headphones,2,,
533,080b_2.jpg,headphones,2,5,
534,081a_1.jpg,clothes pin,2,,
535,081b_1.jpg,clothes pin,2,1,
536,082a_1.jpg,sawhorse,2,,
537,082b_1.jpg,sawhorse,2,3,
538,083a_1.jpg,aluminium can,2,,
539,083b_1.jpg,aluminium can,2,4,
540,084a_1.jpg,chalkboard,2,,
541,084b_1.jpg,chalkboard,2,3,
542,085a_2.jpg,aloe vera,2,,
543,085b_2.jpg,aloe vera,2,1,
544,086a_1.jpg,silverwear box,2,,
545,086b_1.jpg,silverwear box,2,2,
546,087a_2.jpg,bassinet,2,,
547,087b_2.jpg,bassinet,2,3,
548,088a_1.jpg,cowboy hat,2,,
549,088b_1.jpg,cowboy hat,2,5,
550,089a_1.jpg,envelope,2,,
551,089b_1.jpg,envelope,2,2,
552,090a_1.jpg,cork,2,,
553,090b_1.jpg,cork,2,4,
554,091a_2.jpg,water heater,2,,
555,091b_2.jpg,water heater,2,3,
556,092a_1.jpg,first place ribbon,2,,
557,092b_1.jpg,first place ribbon,2,4,
558,093a_2.jpg,robe,2,,
559,093b_2.jpg,robe,2,1,
560,094a_1.jpg,ladder,2,,
561,094b_1.jpg,ladder,2,4,
562,095a_2.jpg,circuit board,2,,
563,095b_2.jpg,circuit board,2,2,
564,096a_1.jpg,robot clock,2,,
565,096b_1.jpg,robot clock,2,2,
566,097a_1.jpg,mail,2,,
567,097b_1.jpg,mail,2,5,
568,098a_1.jpg,candy cane,2,,
569,098b_1.jpg,candy cane,2,4,
570,100a_2.jpg,rabbit,2,,
571,100b_2.jpg,rabbit,2,1,
572,101a_2.jpg,heart container,2,,
573,101b_2.jpg,heart container,2,4,
574,102a_1.jpg,bike,2,,
575,102b_1.jpg,bike,2,5,
576,103a_1.jpg,thermos,2,,
577,103b_1.jpg,thermos,2,5,
580,105a_1.jpg,snorkel,2,,
581,105b_1.jpg,snorkel,2,3,
582,106a_2.jpg,yellow bag,2,,
583,106b_2.jpg,yellow bag,2,5,
584,107a_2.jpg,tent,2,,
585,107b_2.jpg,tent,2,1,
586,108a_1.jpg,walkie talkie,2,,
587,108b_1.jpg,walkie talkie,2,2,
588,109a_1.jpg,flip phone,2,,
589,109b_1.jpg,flip phone,2,4,
590,110a_2.jpg,ping pong paddle,2,,
591,110b_2.jpg,ping pong paddle,2,5,
592,111a_1.jpg,dress form,2,,
593,111b_1.jpg,dress form,2,1,
594,112a_1.jpg,milkshake,2,,
595,112b_1.jpg,milkshake,2,3,
596,113a_2.jpg,double decker bus,2,,
597,113b_2.jpg,double decker bus,2,1,
598,114a_1.jpg,backpacking pack,2,,
599,114b_1.jpg,backpacking pack,2,4,
600,115a_2.jpg,film camera,2,,
601,115b_2.jpg,film camera,2,2,
602,116a_2.jpg,camera,2,,
603,116b_2.jpg,camera,2,1,
604,117a_2.jpg,console,2,,
605,117b_2.jpg,console,2,3,
606,118a_2.jpg,squat bar,2,,
607,118b_2.jpg,squat bar,2,5,
608,119a_1.jpg,hot dog,2,,
609,119b_1.jpg,hot dog,2,5,
610,120a_1.jpg,room divider,2,,
611,120b_1.jpg,room divider,2,1,
612,122a_1.jpg,yarn,2,,
613,122b_1.jpg,yarn,2,4,
614,123a_1.jpg,hair curlers,2,,
615,123b_1.jpg,hair curlers,2,5,
616,124a_2.jpg,outlet,2,,
617,124b_2.jpg,outlet,2,2,
618,125a_1.jpg,pomegranate,2,,
619,125b_1.jpg,pomegranate,2,1,
620,126a_1.jpg,adapter,2,,
621,126b_1.jpg,adapter,2,2,
622,128a_2.jpg,crown,2,,
623,128b_2.jpg,crown,2,2,
624,129a_2.jpg,string,2,,
625,129b_2.jpg,string,2,2,
626,130a_2.jpg,high chair,2,,
627,130b_2.jpg,high chair,2,2,
628,131a_1.jpg,tape,2,,
629,131b_1.jpg,tape,2,5,
630,132a_2.jpg,door stop,2,,
631,132b_2.jpg,door stop,2,2,
632,133a_1.jpg,crab,2,,
633,133b_1.jpg,crab,2,3,
634,134a_2.jpg,pitcher,2,,
635,134b_2.jpg,pitcher,2,3,
636,135a_2.jpg,iron,2,,
637,135b_2.jpg,iron,2,2,
638,136a_2.jpg,checkbook,2,,
639,136b_2.jpg,checkbook,2,3,
640,137a_1.jpg,arcade game,2,,
641,137b_1.jpg,arcade game,2,4,
642,138a_1.jpg,star keychain,2,,
643,138b_1.jpg,star keychain,2,4,
644,139a_1.jpg,firefighter helmet,2,,
645,139b_1.jpg,firefighter helmet,2,1,
646,140a_2.jpg,car,2,,
647,140b_2.jpg,car,2,3,
648,141a_2.jpg,cane,2,,
649,141b_2.jpg,cane,2,4,
650,142a_2.jpg,electric shaver,2,,
651,142b_2.jpg,electric shaver,2,2,
652,143a_1.jpg,stethoscope,2,,
653,143b_1.jpg,stethoscope,2,1,
654,144a_1.jpg,toaster,2,,
655,144b_1.jpg,toaster,2,3,
656,145a_1.jpg,lunch box,2,,
657,145b_1.jpg,lunch box,2,4,
658,146a_2.jpg,snowflake,2,,
659,146b_2.jpg,snowflake,2,3,
660,148a_1.jpg,gloves,2,,
661,148b_1.jpg,gloves,2,2,
662,149a_2.jpg,binder,2,,
663,149b_2.jpg,binder,2,1,
664,150a_2.jpg,sugar cube,2,,
665,150b_2.jpg,sugar cube,2,5,
666,151a_2.jpg,guava,2,,
667,151b_2.jpg,guava,2,4,
668,152a_1.jpg,nutcracker,2,,
669,152b_1.jpg,nutcracker,2,3,
670,153a_2.jpg,gavel,2,,
671,153b_2.jpg,gavel,2,1,
672,154a_2.jpg,saw blade,2,,
673,154b_2.jpg,saw blade,2,1,
674,156a_2.jpg,wind vane,2,,
675,156b_2.JPG,wind vane,2,3,
676,157a_2.jpg,hair straightener,2,,
677,157b_2.jpg,hair straightener,2,5,
678,158a_1.jpg,helicopter,2,,
679,158b_1.jpg,helicopter,2,5,
680,159a_1.jpg,lock,2,,
681,159b_1.jpg,lock,2,3,
682,160a_1.jpg,shoe,2,,
683,160b_1.jpg,shoe,2,1,
684,161a_1.jpg,wind chime,2,,
685,161b_1.jpg,wind chime,2,5,
686,162a_2.jpeg,parakeet,2,,
687,162b_2.jpg,parakeet,2,5,
688,163a_2.jpg,dominos,2,,
689,163b_2.jpg,dominos,2,3,
690,164a_1.jpg,plunger,2,,
691,164b_1.jpg,plunger,2,1,
692,165a_1.jpg,tennis racket,2,,
693,165b_1.jpg,tennis racket,2,3,
694,166a_2.jpg,present,2,,
695,166b_2.jpg,present,2,2,
696,167a_2.jpg,fountain,2,,
697,167b_2.jpg,fountain,2,3,
702,170a_1.jpg,camera flash,2,,
703,170b_1.jpg,camera flash,2,5,
704,171a_2.jpg,stool,2,,
705,171b_2.jpg,stool,2,1,
706,172a_2.jpg,crane,2,,
707,172b_2.jpg,crane,2,2,
708,173a_2.jpg,totem pole,2,,
709,173b_2.jpg,totem pole,2,4,
710,174a_2.jpg,scanner,2,,
711,174b_2.jpg,scanner,2,4,
712,175a_1.jpg,coffee pot,2,,
713,175b_1.jpg,coffee pot,2,4,
714,176a_1.jpg,shelves,2,,
715,176b_1.jpg,shelves,2,1,
718,178a_2.jpg,birdie,2,,
719,178b_2.jpg,birdie,2,4,
720,179a_1.jpg,coconut tree,2,,
721,179b_1.jpg,coconut tree,2,3,
722,180a_1.jpg,couch,2,,
723,180b_1.jpg,couch,2,4,
724,182a_2.jpg,nail polish,2,,
725,182b_2.jpg,nail polish,2,5,
726,184a_1.jpg,pot of gold,2,,
727,184b_1.jpg,pot of gold,2,4,
728,185a_1.jpg,baseball bat,2,,
729,185b_1.jpg,baseball bat,2,4,
730,186a_2.jpg,marble tower,2,,
731,186b_2.jpg,marble tower,2,4,
732,187a_1.jpg,rock,2,,
733,187b_1.jpg,rock,2,4,
734,188a_2.jpg,cinderblock,2,,
735,188b_2.jpg,cinderblock,2,4,
736,189a_2.jpg,glue gun,2,,
737,189b_2.jpg,glue gun,2,5,
738,190a_1.jpg,nesting dolls,2,,
739,190b_1.jpg,nesting dolls,2,2,
740,191a_2.jpg,coffee pin,2,,
741,191b_2.jpeg,coffee pin,2,5,
742,192a_2.jpg,chess,2,,
743,192b_2.jpg,chess,2,2,
744,001a_2.jpg,weekly pill case,3,,
745,001b_2.jpg,weekly pill case,3,5,
746,002a_2.jpg,croissant,3,,
747,002b_2.jpg,croissant,3,2,
748,003a_2.jpg,wrecking ball,3,,
749,003b_2.jpg,wrecking ball,3,2,
750,004a_1.jpg,easter eggs,3,,
751,004b_1.jpg,easter eggs,3,4,
752,005a_2.jpg,bench,3,,
753,005b_2.jpg,bench,3,3,
754,006a_1.jpg,paper airplane,3,,
755,006b_1.jpg,paper airplane,3,2,
756,007a_2.jpg,dandelion,3,,
757,007b_2.jpg,dandelion,3,3,
758,009a_1.jpg,safety pin,3,,
759,009b_1.jpg,safety pin,3,2,
760,010a_2.jpg,bat,3,,
761,010b_2.jpg,bat,3,5,
762,011a_1.jpg,dart board,3,,
763,011b_1.jpg,dart board,3,5,
764,012a_2.jpg,cowboy boots,3,,
765,012b_2.jpg,cowboy boots,3,2,
766,013a_1.jpg,pan,3,,
767,013b_1.jpg,pan,3,2,
768,014a_2.jpg,scooter,3,,
769,014b_2.jpg,scooter,3,3,
770,015a_1.jpg,french press,3,,
771,015b_1.jpg,french press,3,3,
774,017a_1.jpg,usb drive,3,,
775,017b_1.jpg,usb drive,3,2,
776,018a_1.jpg,mushroom,3,,
777,018b_1.jpg,mushroom,3,2,
778,019a_2.jpg,candle snuffer,3,,
779,019b_2.jpg,candle snuffer,3,2,
780,020a_1.jpg,football helmet,3,,
781,020b_1.jpg,football helmet,3,5,
782,021a_2.jpg,coasters,3,,
783,021b_2.jpg,coasters,3,1,
784,022a_2.jpg,teabags,3,,
785,022b_2.jpg,teabags,3,4,
786,023a_2.jpg,ethernet cable,3,,
787,023b_2.jpg,ethernet cable,3,2,
788,024a_2.jpg,cupcake liners,3,,
789,024b_2.jpg,cupcake liners,3,3,
790,025a_1.jpg,birthday cake,3,,
791,025b_1.jpg,birthday cake,3,5,
792,026a_1.jpg,trampoline,3,,
793,026b_1.jpg,trampoline,3,1,
794,027a_2.jpg,bird feed,3,,
795,027b_2.jpg,bird feed,3,4,
796,028a_1.jpg,spade,3,,
797,028b_1.jpg,spade,3,4,
798,029a_2.jpg,life buoy,3,,
799,029b_2.jpg,life buoy,3,5,
800,030a_1.jpg,balance beam,3,,
801,030b_1.jpg,balance beam,3,4,
802,031a_2.jpg,telescope,3,,
803,031b_2.jpg,telescope,3,1,
804,032a_1.jpg,pineapple,3,,
805,032b_1.jpg,pineapple,3,1,
806,034a_2.jpg,fruit bowl,3,,
807,034b_2.jpg,fruit bowl,3,5,
808,035a_2.jpg,horse statue,3,,
809,035b_2.jpg,horse statue,3,5,
812,037a_1.jpg,bunny ears,3,,
813,037b_1.jpg,bunny ears,3,4,
814,038a_2.jpg,elephant,3,,
815,038b_2.jpg,elephant,3,5,
816,039a_2.jpg,tree,3,,
817,039b_2.jpg,tree,3,3,
818,040a_2.jpg,sheers,3,,
819,040b_2.jpg,sheers,3,2,
822,042a_2.jpg,wooden crate,3,,
823,042b_2.jpg,wooden crate,3,2,
824,043a_1.jpg,squeegee,3,,
825,043b_1.jpg,squeegee,3,4,
828,045a_1.jpg,frisbee,3,,
829,045b_1.jpg,frisbee,3,4,
830,046a_2.jpg,drill,3,,
831,046b_2.jpg,drill,3,4,
832,047a_1.jpg,ice pack,3,,
833,047b_1.jpg,ice pack,3,4,
834,049a_1.jpg,cow toy,3,,
835,049b_1.jpg,cow toy,3,1,
838,052a_2.jpg,race car,3,,
839,052b_2.jpg,race car,3,5,
840,053a_1.jpg,whistle,3,,
841,053b_1.jpg,whistle,3,3,
842,054a_2.jpg,inscent,3,,
843,054b_2.jpg,inscent,3,4,
844,055a_2.jpg,maracas,3,,
845,055b_2.jpg,maracas,3,4,
846,056a_2.jpg,matches,3,,
847,056b_2.jpg,matches,3,3,
848,057a_1.jpg,heels,3,,
849,057b_1.jpg,heels,3,1,
850,058a_2.jpg,flashlight,3,,
851,058b_2.jpg,flashlight,3,1,
852,059a_1.jpg,thermometer,3,,
853,059b_1.jpg,thermometer,3,1,
854,060a_1.jpg,stapler remover,3,,
855,060b_1.jpg,stapler remover,3,2,
856,061a_1.jpg,lipstick,3,,
857,061b_1.jpg,lipstick,3,1,
858,062a_2.jpg,pig,3,,
859,062b_2.jpg,pig,3,5,
860,063a_2.jpg,pez dispenser,3,,
861,063b_2.jpg,pez dispenser,3,5,
862,064a_2.jpg,hand saw,3,,
863,064b_2.jpg,hand saw,3,3,
864,065a_1.jpg,mortar and pestle,3,,
865,065b_1.jpg,mortar and pestle,3,2,
866,066a_1.jpg,display cabinet,3,,
867,066b_1.jpg,display cabinet,3,2,
868,067a_1.jpg,arrow,3,,
869,067b_1.jpg,arrow,3,4,
870,068a_2.jpg,candle stick,3,,
871,068b_2.jpg,candle stick,3,1,
872,069a_2.jpg,binder clips,3,,
873,069b_2.jpg,binder clips,3,2,
874,070a_2.jpg,labcoat,3,,
875,070b_2.jpg,labcoat,3,2,
876,071a_1.jpg,eagle,3,,
877,071b_1.jpg,eagle,3,1,
878,072a_1.jpg,butterfly,3,,
879,072b_1.jpg,butterfly,3,1,
880,073a_2.jpg,canoe,3,,
881,073b_2.jpg,canoe,3,1,
884,075a_1.jpg,pet carrier,3,,
885,075b_1.jpg,pet carrier,3,1,
886,076a_2.jpg,magnet,3,,
887,076b_2.jpg,magnet,3,4,
890,078a_1.jpg,chainsaw,3,,
891,078b_1.jpg,chainsaw,3,1,
892,079a_1.jpg,bag,3,,
893,079b_1.jpg,bag,3,4,
894,080a_2.jpg,rosemary,3,,
895,080b_2.jpg,rosemary,3,3,
896,081a_1.jpg,crutches,3,,
897,081b_1.jpg,crutches,3,1,
898,082a_1.jpg,eiffel tower,3,,
899,082b_1.jpg,eiffel tower,3,1,
900,083a_1.jpg,goggles,3,,
901,083b_1.jpg,goggles,3,4,
902,084a_1.jpg,caution tape,3,,
903,084b_1.jpg,caution tape,3,2,
904,085a_2.jpg,clamps,3,,
905,085b_2.jpg,clamps,3,3,
906,086a_1.jpg,hand mixer,3,,
907,086b_1.jpg,hand mixer,3,2,
908,087a_2.jpg,yoga ball,3,,
909,087b_2.jpg,yoga ball,3,3,
910,088a_1.jpg,clip board,3,,
911,088b_1.jpg,clip board,3,1,
912,089a_1.jpg,duster,3,,
913,089b_1.jpg,duster,3,4,
914,090a_1.jpg,sander,3,,
915,090b_1.jpg,sander,3,4,
918,092a_1.jpg,navy hat,3,,
919,092b_1.jpg,navy hat,3,3,
920,093a_2.jpg,glitter,3,,
921,093b_2.jpg,glitter,3,5,
922,094a_1.jpg,flamingo,3,,
923,094b_1.jpg,flamingo,3,1,
924,095a_2.jpg,kindle,3,,
925,095b_2.jpg,kindle,3,4,
926,096a_1.jpg,tortilla,3,,
927,096b_1.jpg,tortilla,3,4,
928,097a_1.jpg,jacket,3,,
929,097b_1.jpg,jacket,3,1,
932,099a_2.jpg,ham,3,,
933,099b_2.jpg,ham,3,2,
934,100a_2.jpg,clapper board,3,,
935,100b_2.jpg,clapper board,3,5,
936,101a_2.jpg,bread,3,,
937,101b_2.jpg,bread,3,3,
938,102a_1.jpg,whisk,3,,
939,102b_1.jpg,whisk,3,3,
940,103a_1.jpg,bottle cap,3,,
941,103b_1.jpg,bottle cap,3,2,
942,104a_1.jpg,steering wheel,3,,
943,104b_1.jpg,steering wheel,3,5,
944,105a_1.jpg,globe,3,,
945,105b_1.jpg,globe,3,1,
946,106a_2.jpg,security camera,3,,
947,106b_2.jpg,security camera,3,2,
948,107a_2.jpg,brief case,3,,
949,107b_2.jpg,brief case,3,5,
950,108a_1.jpg,granola bar,3,,
951,108b_1.jpg,granola bar,3,1,
952,109a_1.jpg,buffer,3,,
953,109b_1.jpg,buffer,3,2,
954,110a_2.jpg,sweater,3,,
955,110b_2.jpg,sweater,3,5,
956,112a_1.jpg,emerald,3,,
957,112b_1.jpg,emerald,3,3,
958,113a_2.jpg,doorbell,3,,
959,113b_2.jpg,doorbell,3,4,
960,115a_2.jpg,banjo,3,,
961,115b_2.jpg,banjo,3,2,
962,116a_2.jpg,jersey,3,,
963,116b_2.jpg,jersey,3,3,
964,117a_2.jpg,baked potato,3,,
965,117b_2.jpg,baked potato,3,4,
966,118a_2.jpg,trench coat,3,,
967,118b_2.jpg,trench coat,3,1,
970,120a_1.jpg,sharpie,3,,
971,120b_1.jpg,sharpie,3,4,
972,121a_2.jpg,mirror,3,,
973,121b_2.jpg,mirror,3,2,
974,122a_1.jpg,witch hat,3,,
975,122b_1.jpg,witch hat,3,4,
976,123a_1.jpg,contact case,3,,
977,123b_1.jpg,contact case,3,5,
978,124a_2.jpg,aed,3,,
979,124b_2.jpg,aed,3,5,
980,125a_1.jpg,bird cage,3,,
981,125b_1.jpg,bird cage,3,3,
982,126a_1.jpg,bow tie,3,,
983,126b_1.jpg,bow tie,3,1,
984,127a_2.jpg,lego,3,,
985,127b_2.jpg,lego,3,4,
986,129a_2.jpg,passport,3,,
987,129b_2.jpg,passport,3,3,
988,130a_2.jpg,peacock feather,3,,
989,130b_2.jpg,peacock feather,3,5,
990,131a_1.jpg,starfish,3,,
991,131b_1.jpg,starfish,3,3,
992,132a_2.jpg,cassette tape,3,,
993,132b_2.jpg,cassette tape,3,5,
994,133a_1.jpg,brain,3,,
995,133b_1.jpg,brain,3,5,
996,134a_2.jpg,20 sided dice,3,,
997,134b_2.jpg,20 sided dice,3,4,
998,135a_2.jpg,gum ball machine,3,,
999,135b_2.jpg,gum ball machine,3,3,
1000,136a_2.jpg,video camera,3,,
1001,136b_2.jpg,video camera,3,1,
1002,137a_1.jpg,boomarang,3,,
1003,137b_1.jpg,boomarang,3,4,
1004,138a_1.jpg,robot dog,3,,
1005,138b_1.jpg,robot dog,3,4,
1008,141a_2.jpg,staple gun,3,,
1009,141b_2.jpg,staple gun,3,1,
1010,142a_2.jpg,vase,3,,
1011,142b_2.jpg,vase,3,5,
1012,143a_1.jpg,trailer,3,,
1013,143b_1.jpg,trailer,3,4,
1014,144a_1.jpg,bobby pins,3,,
1015,144b_1.jpg,bobby pins,3,2,
1016,145a_1.jpg,kinetic ball,3,,
1017,145b_1.jpg,kinetic ball,3,3,
1018,146a_2.jpg,tea pot,3,,
1019,146b_2.jpg,tea pot,3,1,
1024,149a_2.jpg,wrapping paper,3,,
1025,149b_2.jpg,wrapping paper,3,5,
1026,150a_2.jpg,garlic press,3,,
1027,150b_2.jpg,garlic press,3,4,
1028,152a_1.jpg,cello,3,,
1029,152b_1.jpg,cello,3,3,
1030,154a_2.jpg,throne,3,,
1031,154b_2.jpg,throne,3,5,
1032,155a_2.jpg,flask,3,,
1033,155b_2.jpg,flask,3,2,
1034,156a_2.jpg,brick,3,,
1035,156b_2.JPG,brick,3,5,
1038,159a_1.jpg,harmonica,3,,
1039,159b_1.jpg,harmonica,3,5,
1040,160a_1.jpg,milk,3,,
1041,160b_1.jpg,milk,3,4,
1042,161a_1.jpg,nintendo controller,3,,
1043,161b_1.jpg,nintendo controller,3,2,
1044,163a_2.jpg,baseball mit,3,,
1045,163b_2.jpg,baseball mit,3,2,
1046,164a_1.jpg,zip tie,3,,
1047,164b_1.jpg,zip tie,3,3,
1048,165a_1.jpg,dragon statue,3,,
1049,165b_1.jpg,dragon statue,3,3,
1050,166a_2.jpg,sphynx,3,,
1051,166b_2.jpg,sphynx,3,2,
1052,167a_2.jpg,cd,3,,
1053,167b_2.jpg,cd,3,3,
1054,168a_1.jpg,computer mouse,3,,
1055,168b_1.jpg,computer mouse,3,2,
1056,169a_2.jpg,safe,3,,
1057,169b_2.jpg,safe,3,4,
1058,170a_1.jpg,crocs,3,,
1059,170b_1.jpg,crocs,3,1,
1060,171a_2.jpg,origami crane,3,,
1061,171b_2.jpg,origami crane,3,4,
1062,172a_2.jpg,leaf,3,,
1063,172b_2.jpg,leaf,3,5,
1064,173a_2.jpg,mouse,3,,
1065,173b_2.jpg,mouse,3,1,
1066,174a_2.jpg,fur hat,3,,
1067,174b_2.jpg,fur hat,3,5,
1068,175a_1.jpg,wine bottle,3,,
1069,175b_1.jpg,wine bottle,3,3,
1070,177a_2.jpg,remote,3,,
1071,177b_2.jpg,remote,3,5,
1072,178a_2.jpg,dinosaur toy,3,,
1073,178b_2.jpg,dinosaur toy,3,5,
1074,179a_1.jpg,atv,3,,
1075,179b_1.jpg,atv,3,1,
1076,180a_1.jpg,bird feeder,3,,
1077,180b_1.jpg,bird feeder,3,3,
1078,183a_1.jpg,paper lanterns,3,,
1079,183b_1.jpg,paper lanterns,3,2,
1080,184a_1.jpg,backpack,3,,
1081,184b_1.jpg,backpack,3,4,
1082,185a_1.jpg,unicycle,3,,
1083,185b_1.jpg,unicycle,3,1,
1084,186a_2.jpg,foam finger,3,,
1085,186b_2.jpg,foam finger,3,5,
1086,187a_1.jpg,fan,3,,
1087,187b_1.jpg,fan,3,2,
1088,188a_2.jpg,handle bar,3,,
1089,188b_2.jpg,handle bar,3,1,
1090,189a_2.jpg,typewriter,3,,
1091,189b_2.jpg,typewriter,3,2,
1092,190a_1.jpg,sleeping bag,3,,
1093,190b_1.jpg,sleeping bag,3,2,
1094,191a_2.jpg,shells,3,,
1095,191b_2.jpeg,shells,3,3,
1096,001a_2.jpg,file cabinet,4,,
1097,001b_2.jpg,file cabinet,4,4,
1098,002a_2.jpg,copper wire,4,,
1099,002b_2.jpg,copper wire,4,2,
1100,003a_2.jpg,large plastic bin,4,,
1101,003b_2.jpg,large plastic bin,4,3,
1102,004a_1.jpg,knee brace,4,,
1103,004b_1.jpg,knee brace,4,1,
1104,005a_2.jpg,old cashier,4,,
1105,005b_2.jpg,old cashier,4,5,
1106,006a_1.jpg,music note,4,,
1107,006b_1.jpg,music note,4,4,
1108,007a_2.jpg,pull cart,4,,
1109,007b_2.jpg,pull cart,4,1,
1110,009a_1.jpg,fruit cake,4,,
1111,009b_1.jpg,fruit cake,4,4,
1112,010a_2.jpg,leaf rake,4,,
1113,010b_2.jpg,leaf rake,4,3,
1116,012a_2.jpg,silver tea set,4,,
1117,012b_2.jpg,silver tea set,4,2,
1118,013a_1.jpg,treadmill,4,,
1119,013b_1.jpg,treadmill,4,1,
1124,016a_1.jpg,metal trash can,4,,
1125,016b_1.jpg,metal trash can,4,3,
1126,017a_1.jpg,bridge maquette,4,,
1127,017b_1.jpg,bridge maquette,4,5,
1130,021a_2.jpg,cairns,4,,
1131,021b_2.jpg,cairns,4,3,
1132,023a_2.jpg,metronome,4,,
1133,023b_2.jpg,metronome,4,2,
1136,025a_1.jpg,crab fork,4,,
1137,025b_1.jpg,crab fork,4,4,
1140,027a_2.jpg,nail clippers,4,,
1141,027b_2.jpg,nail clippers,4,4,
1146,030a_1.jpg,car tire,4,,
1147,030b_1.jpg,car tire,4,4,
1148,031a_2.jpg,bird nest,4,,
1149,031b_2.jpg,bird nest,4,5,
1150,032a_1.jpg,black bowl,4,,
1151,032b_1.jpg,black bowl,4,4,
1152,033a_2.jpg,monitor,4,,
1153,033b_2.jpg,monitor,4,5,
1156,036a_1.jpg,balloon dog,4,,
1157,036b_1.jpg,balloon dog,4,4,
1160,038a_2.jpg,hammer,4,,
1161,038b_2.jpg,hammer,4,1,
1162,039a_2.jpg,record player,4,,
1163,039b_2.jpg,record player,4,4,
1164,040a_2.jpg,hair brush,4,,
1165,040b_2.jpg,hair brush,4,5,
1166,041a_1.jpg,billiard cues,4,,
1167,041b_1.jpg,billiard cues,4,5,
1168,042a_2.jpg,flip flops,4,,
1169,042b_2.jpg,flip flops,4,4,
1170,043a_1.jpg,chocolate bunny,4,,
1171,043b_1.jpg,chocolate bunny,4,5,
1174,045a_1.jpg,fire hydrant,4,,
1175,045b_1.jpg,fire hydrant,4,1,
1178,047a_1.jpg,burrito,4,,
1179,047b_1.jpg,burrito,4,5,
1180,048a_1.jpg,chocolate candy apple stick,4,,
1181,048b_1.jpg,chocolate candy apple stick,4,4,
1182,049a_1.jpg,monkey with cymbals,4,,
1183,049b_1.jpg,monkey with cymbals,4,3,
1184,050a_1.jpg,briefcase,4,,
1185,050b_1.jpg,briefcase,4,4,
1186,051a_1.jpg,dvd pack,4,,
1187,051b_1.jpg,dvd pack,4,1,
1188,052a_2.jpg,radioactive sign,4,,
1189,052b_2.jpg,radioactive sign,4,4,
1190,053a_1.jpg,bananas,4,,
1191,053b_1.jpg,bananas,4,5,
1192,054a_2.jpg,volleyball,4,,
1193,054b_2.jpg,volleyball,4,3,
1194,055a_2.jpg,swimming goggles,4,,
1195,055b_2.jpg,swimming goggles,4,5,
1196,056a_2.jpg,swing,4,,
1197,056b_2.jpg,swing,4,5,
1202,060a_1.jpg,karate outfit,4,,
1203,060b_1.jpg,karate outfit,4,3,
1204,061a_1.jpg,slingshot,4,,
1205,061b_1.jpg,slingshot,4,4,
1206,062a_2.jpg,disposable photo camera,4,,
1207,062b_2.jpg,disposable photo camera,4,4,
1208,063a_2.jpg,woman's hand,4,,
1209,063b_2.jpg,woman's hand,4,3,
1212,065a_1.jpg,retro candlestick holder,4,,
1213,065b_1.jpg,retro candlestick holder,4,4,
1214,066a_1.jpg,baseball cap,4,,
1215,066b_1.jpg,baseball cap,4,4,
1216,067a_1.jpg,thermos water flask,4,,
1217,067b_1.jpg,thermos water flask,4,5,
1218,068a_2.jpg,foam roll,4,,
1219,068b_2.jpg,foam roll,4,3,
1222,070a_2.jpg,chest medal,4,,
1223,070b_2.jpg,chest medal,4,1,
1224,071a_1.jpg,jeans overalls,4,,
1225,071b_1.jpg,jeans overalls,4,1,
1230,074a_2.jpg,tape with dispenser,4,,
1231,074b_2.jpg,tape with dispenser,4,2,
1232,075a_1.jpg,hot tub,4,,
1233,075b_1.jpg,hot tub,4,5,
1234,076a_2.jpg,pizza cutter,4,,
1235,076b_2.jpg,pizza cutter,4,3,
1236,077a_2.jpg,gardening gloves,4,,
1237,077b_2.jpg,gardening gloves,4,2,
1238,078a_1.jpg,fountain pen,4,,
1239,078b_1.jpg,fountain pen,4,3,
1240,079a_1.jpg,italian flag,4,,
1241,079b_1.jpg,italian flag,4,1,
1244,082a_1.jpg,saddle,4,,
1245,082b_1.jpg,saddle,4,2,
1246,083a_1.jpg,plastic fish,4,,
1247,083b_1.jpg,plastic fish,4,4,
1252,086a_1.jpg,carrots,4,,
1253,086b_1.jpg,carrots,4,2,
1258,089a_1.jpg,grapefruit,4,,
1259,089b_1.jpg,grapefruit,4,2,
1262,091a_2.jpg,chocolate chip cookie,4,,
1263,091b_2.jpg,chocolate chip cookie,4,5,
1264,093a_2.jpg,caterpillar,4,,
1265,093b_2.jpg,caterpillar,4,3,
1266,094a_1.jpg,bulletproof vest,4,,
1267,094b_1.jpg,bulletproof vest,4,3,
1268,095a_2.jpg,shoehorn,4,,
1269,095b_2.jpg,shoehorn,4,5,
1272,097a_1.jpg,toilet,4,,
1273,097b_1.jpg,toilet,4,2,
1274,098a_1.jpg,acorn,4,,
1275,098b_1.jpg,acorn,4,3,
1276,100a_2.jpg,christmas decorations,4,,
1277,100b_2.jpg,christmas decorations,4,1,
1278,101a_2.jpg,pepper mill,4,,
1279,101b_2.jpg,pepper mill,4,1,
1280,103a_1.jpg,plastic chicken,4,,
1281,103b_1.jpg,plastic chicken,4,3,
1282,104a_1.jpg,stairmaster,4,,
1283,104b_1.jpg,stairmaster,4,4,
1284,105a_1.jpg,baby bottle,4,,
1285,105b_1.jpg,baby bottle,4,3,
1286,106a_2.jpg,safety jacket,4,,
1287,106b_2.jpg,safety jacket,4,2,
1290,108a_1.jpg,beach ball,4,,
1291,108b_1.jpg,beach ball,4,3,
1294,110a_2.jpg,batman sign,4,,
1295,110b_2.jpg,batman sign,4,5,
1296,111a_1.jpg,ceiling fan,4,,
1297,111b_1.jpg,ceiling fan,4,3,
1300,113a_2.jpg,wine rack,4,,
1301,113b_2.jpg,wine rack,4,5,
1304,115a_2.jpg,wrist watch,4,,
1305,115b_2.jpg,wrist watch,4,1,
1308,118a_2.jpg,comb,4,,
1309,118b_2.jpg,comb,4,1,
1310,119a_1.jpg,feather earrings,4,,
1311,119b_1.jpg,feather earrings,4,5,
1312,120a_1.jpg,pacifier,4,,
1313,120b_1.jpg,pacifier,4,4,
1314,121a_2.jpg,santa hat,4,,
1315,121b_2.jpg,santa hat,4,5,
1320,125a_1.jpg,handle,4,,
1321,125b_1.jpg,handle,4,1,
1322,126a_1.jpg,kayak,4,,
1323,126b_1.jpg,kayak,4,2,
1324,127a_2.jpg,paper cutter,4,,
1325,127b_2.jpg,paper cutter,4,4,
1326,128a_2.jpg,coin purse,4,,
1327,128b_2.jpg,coin purse,4,3,
1328,129a_2.jpg,fracture boot,4,,
1329,129b_2.jpg,fracture boot,4,2,
1334,132a_2.jpg,leather jacket,4,,
1335,132b_2.jpg,leather jacket,4,3,
1340,135a_2.jpg,wheat,4,,
1341,135b_2.jpg,wheat,4,4,
1346,138a_1.jpg,paint palette,4,,
1347,138b_1.jpg,paint palette,4,4,
1348,139a_1.jpg,shark,4,,
1349,139b_1.jpg,shark,4,3,
1350,140a_2.jpg,donut,4,,
1351,140b_2.jpg,donut,4,2,
1352,141a_2.jpg,tape measure,4,,
1353,141b_2.jpg,tape measure,4,3,
1354,142a_2.jpg,protien shaker,4,,
1355,142b_2.jpg,protien shaker,4,3,
1356,143a_1.jpg,pet bowl,4,,
1357,143b_1.jpg,pet bowl,4,3,
1360,145a_1.jpg,blender,4,,
1361,145b_1.jpg,blender,4,4,
1364,147a_2.jpg,penny,4,,
1365,147b_2.jpg,penny,4,3,
1366,148a_1.jpg,shower head,4,,
1367,148b_1.jpg,shower head,4,2,
1368,149a_2.jpg,bed,4,,
1369,149b_2.jpg,bed,4,1,
1370,150a_2.jpg,bath shower rack,4,,
1371,150b_2.jpg,bath shower rack,4,4,
1374,152a_1.jpg,robot dog toy,4,,
1375,152b_1.jpg,robot dog toy,4,3,
1376,153a_2.jpg,skeleton,4,,
1377,153b_2.jpg,skeleton,4,1,
1378,154a_2.jpg,bingo,4,,
1379,154b_2.jpg,bingo,4,4,
1384,157a_2.jpg,superglue,4,,
1385,157b_2.jpg,superglue,4,1,
1386,158a_1.jpg,dining chair,4,,
1387,158b_1.jpg,dining chair,4,5,
1388,159a_1.jpg,pinata,4,,
1389,159b_1.jpg,pinata,4,2,
1394,162a_2.jpeg,ice skates,4,,
1395,162b_2.jpg,ice skates,4,4,
1398,164a_1.jpg,grand piano,4,,
1399,164b_1.jpg,grand piano,4,1,
1400,165a_1.jpg,dry eraser,4,,
1401,165b_1.jpg,dry eraser,4,2,
1402,166a_2.jpg,trowel,4,,
1403,166b_2.jpg,trowel,4,5,
1404,167a_2.jpg,gardening hoe,4,,
1405,167b_2.jpg,gardening hoe,4,4,
1408,169a_2.jpg,gramophone,4,,
1409,169b_2.jpg,gramophone,4,4,
1410,170a_1.jpg,can opener,4,,
1411,170b_1.jpg,can opener,4,1,
1412,171a_2.jpg,pizza slice,4,,
1413,171b_2.jpg,pizza slice,4,5,
1416,173a_2.jpg,locker cabinet,4,,
1417,173b_2.jpg,locker cabinet,4,1,
1418,174a_2.jpg,leather shoe,4,,
1419,174b_2.jpg,leather shoe,4,5,
1420,175a_1.jpg,necklace,4,,
1421,175b_1.jpg,necklace,4,5,
1422,176a_1.jpg,post-it note,4,,
1423,176b_1.jpg,post-it note,4,2,
1424,177a_2.jpg,alcohol flask,4,,
1425,177b_2.jpg,alcohol flask,4,5,
1426,178a_2.jpg,hair clips,4,,
1427,178b_2.jpg,hair clips,4,1,
1428,179a_1.jpg,bangade wrap,4,,
1429,179b_1.jpg,bangade wrap,4,1,
1430,180a_1.jpg,jackfruit,4,,
1431,180b_1.jpg,jackfruit,4,3,
1432,181a_1.jpg,surfboard,4,,
1433,181b_1.jpg,surfboard,4,3,
1438,184a_1.jpg,ping pong table,4,,
1439,184b_1.jpg,ping pong table,4,4,
1440,185a_1.jpg,cone,4,,
1441,185b_1.jpg,cone,4,4,
1442,186a_2.jpg,rug,4,,
1443,186b_2.jpg,rug,4,1,
1446,188a_2.jpg,coffee beans,4,,
1447,188b_2.jpg,coffee beans,4,1,
1448,189a_2.jpg,duffle bag,4,,
1449,189b_2.jpg,duffle bag,4,2,
1450,190a_1.jpg,bag of chips,4,,
1451,190b_1.jpg,bag of chips,4,2,
1452,191a_2.jpg,classic guitar,4,,
1453,191b_2.jpeg,classic guitar,4,2,
1454,192a_2.jpg,air hockey,4,,
1455,192b_2.jpg,air hockey,4,2,
1456,001a_2.jpg,peanut butter,5,,
1457,001b_2.jpg,peanut butter,5,4,
1458,002a_2.jpg,leaf blower,5,,
1459,002b_2.jpg,leaf blower,5,1,
1462,004a_1.jpg,lime,5,,
1463,004b_1.jpg,lime,5,4,
1464,005a_2.jpg,fishbowl,5,,
1465,005b_2.jpg,fishbowl,5,3,
1466,006a_1.jpg,torch,5,,
1467,006b_1.jpg,torch,5,4,
1468,007a_2.jpg,desk,5,,
1469,007b_2.jpg,desk,5,4,
1470,008a_1.jpg,plant,5,,
1471,008b_1.jpg,plant,5,5,
1472,009a_1.jpg,bulldog clip,5,,
1473,009b_1.jpg,bulldog clip,5,2,
1474,010a_2.jpg,ring binder,5,,
1475,010b_2.jpg,ring binder,5,2,
1476,011a_1.jpg,frog,5,,
1477,011b_1.jpg,frog,5,3,
1478,012a_2.jpg,measuring spoons,5,,
1479,012b_2.jpg,measuring spoons,5,1,
1480,013a_1.jpg,high heels,5,,
1481,013b_1.jpg,high heels,5,2,
1484,015a_1.jpg,baritone,5,,
1485,015b_1.jpg,baritone,5,4,
1486,016a_1.jpg,gum,5,,
1487,016b_1.jpg,gum,5,3,
1490,018a_1.jpg,mr potato head,5,,
1491,018b_1.jpg,mr potato head,5,4,
1492,019a_2.jpg,rubber duck,5,,
1493,019b_2.jpg,rubber duck,5,1,
1494,020a_1.jpg,popsicle stick,5,,
1495,020b_1.jpg,popsicle stick,5,4,
1496,021a_2.jpg,chicken drumstick,5,,
1497,021b_2.jpg,chicken drumstick,5,5,
1498,025a_1.jpg,laundry,5,,
1499,025b_1.jpg,laundry,5,4,
1500,026a_1.jpg,umbrella,5,,
1501,026b_1.jpg,umbrella,5,1,
1502,028a_1.jpg,traffic cone,5,,
1503,028b_1.jpg,traffic cone,5,3,
1504,029a_2.jpg,notebook,5,,
1505,029b_2.jpg,notebook,5,4,
1506,030a_1.jpg,vacuum cleaner,5,,
1507,030b_1.jpg,vacuum cleaner,5,2,
1508,031a_2.jpg,kendama,5,,
1509,031b_2.jpg,kendama,5,5,
1510,032a_1.jpg,inflatable pool,5,,
1511,032b_1.jpg,inflatable pool,5,4,
1512,033a_2.jpg,stapler,5,,
1513,033b_2.jpg,stapler,5,3,
1514,034a_2.jpg,cupcake,5,,
1515,034b_2.jpg,cupcake,5,5,
1520,037a_1.jpg,papaya,5,,
1521,037b_1.jpg,papaya,5,1,
1522,038a_2.jpg,dustpan,5,,
1523,038b_2.jpg,dustpan,5,4,
1524,039a_2.jpg,graham crackers,5,,
1525,039b_2.jpg,graham crackers,5,5,
1526,040a_2.jpg,electric lamp,5,,
1527,040b_2.jpg,electric lamp,5,4,
1528,041a_1.jpg,shirt,5,,
1529,041b_1.jpg,shirt,5,5,
1530,042a_2.jpg,watering can,5,,
1531,042b_2.jpg,watering can,5,3,
1532,043a_1.jpg,sunflower,5,,
1533,043b_1.jpg,sunflower,5,1,
1536,046a_2.jpg,multi purpose swiss knife tool,5,,
1537,046b_2.jpg,multi purpose swiss knife tool,5,2,
1538,047a_1.jpg,magnetic knife rack,5,,
1539,047b_1.jpg,magnetic knife rack,5,4,
1540,048a_1.jpg,speakers,5,,
1541,048b_1.jpg,speakers,5,3,
1542,049a_1.jpg,tie,5,,
1543,049b_1.jpg,tie,5,1,
1544,050a_1.jpg,strainer,5,,
1545,050b_1.jpg,strainer,5,4,
1546,052a_2.jpg,apple,5,,
1547,052b_2.jpg,apple,5,4,
1548,053a_1.jpg,eye shade,5,,
1549,053b_1.jpg,eye shade,5,4,
1550,054a_2.jpg,school lunch,5,,
1551,054b_2.jpg,school lunch,5,5,
1552,055a_2.jpg,bowling ball,5,,
1553,055b_2.jpg,bowling ball,5,3,
1554,056a_2.jpg,confetti bow,5,,
1555,056b_2.jpg,confetti bow,5,5,
1558,058a_2.jpg,toothbrush,5,,
1559,058b_2.jpg,toothbrush,5,3,
1560,059a_1.jpg,party hat,5,,
1561,059b_1.jpg,party hat,5,3,
1562,060a_1.jpg,coat rack,5,,
1563,060b_1.jpg,coat rack,5,5,
1564,061a_1.jpg,sunhat,5,,
1565,061b_1.jpg,sunhat,5,5,
1568,063a_2.jpg,credit cards,5,,
1569,063b_2.jpg,credit cards,5,3,
1570,064a_2.jpg,cooler,5,,
1571,064b_2.jpg,cooler,5,2,
1572,065a_1.jpg,orange juice maker,5,,
1573,065b_1.jpg,orange juice maker,5,5,
1578,068a_2.jpg,ironing board,5,,
1579,068b_2.jpg,ironing board,5,1,
1580,069a_2.jpg,sauce boat,5,,
1581,069b_2.jpg,sauce boat,5,1,
1582,070a_2.jpg,plastic drawer,5,,
1583,070b_2.jpg,plastic drawer,5,2,
1584,071a_1.jpg,cat scrather,5,,
1585,071b_1.jpg,cat scrather,5,4,
1586,072a_1.jpg,stopwatch,5,,
1587,072b_1.jpg,stopwatch,5,4,
1588,073a_2.jpg,door knocker,5,,
1589,073b_2.jpg,door knocker,5,3,
1590,074a_2.jpg,gate,5,,
1591,074b_2.jpg,gate,5,2,
1592,075a_1.jpg,paper decorator,5,,
1593,075b_1.jpg,paper decorator,5,4,
1594,076a_2.jpg,rubber mallet,5,,
1595,076b_2.jpg,rubber mallet,5,3,
1596,077a_2.jpg,tape recorder,5,,
1597,077b_2.jpg,tape recorder,5,3,
1598,079a_1.jpg,harp,5,,
1599,079b_1.jpg,harp,5,1,
1600,080a_2.jpg,cd player,5,,
1601,080b_2.jpg,cd player,5,3,
1602,081a_1.jpg,oil and vinegar set,5,,
1603,081b_1.jpg,oil and vinegar set,5,1,
1604,082a_1.jpg,desk lamp,5,,
1605,082b_1.jpg,desk lamp,5,4,
1606,084a_1.jpg,abacus,5,,
1607,084b_1.jpg,abacus,5,5,
1608,085a_2.jpg,key,5,,
1609,085b_2.jpg,key,5,3,
1610,086a_1.jpg,bike wheel,5,,
1611,086b_1.jpg,bike wheel,5,5,
1612,087a_2.jpg,knot,5,,
1613,087b_2.jpg,knot,5,2,
1614,088a_1.jpg,straight pick tool,5,,
1615,088b_1.jpg,straight pick tool,5,5,
1616,089a_1.jpg,pretzel,5,,
1617,089b_1.jpg,pretzel,5,1,
1618,090a_1.jpg,christmas wreath,5,,
1619,090b_1.jpg,christmas wreath,5,5,
1622,092a_1.jpg,corn on cobb,5,,
1623,092b_1.jpg,corn on cobb,5,3,
1624,093a_2.jpg,pencil,5,,
1625,093b_2.jpg,pencil,5,1,
1626,094a_1.jpg,handcuffs,5,,
1627,094b_1.jpg,handcuffs,5,1,
1628,095a_2.jpg,sewing ball with pins,5,,
1629,095b_2.jpg,sewing ball with pins,5,3,
1632,099a_2.jpg,muffin,5,,
1633,099b_2.jpg,muffin,5,5,
1634,101a_2.jpg,bonsai tree,5,,
1635,101b_2.jpg,bonsai tree,5,5,
1636,102a_1.jpg,tea kettle,5,,
1637,102b_1.jpg,tea kettle,5,4,
1638,103a_1.jpg,owl figure,5,,
1639,103b_1.jpg,owl figure,5,5,
1640,104a_1.jpg,bike light,5,,
1641,104b_1.jpg,bike light,5,4,
1642,105a_1.jpg,pickle,5,,
1643,105b_1.jpg,pickle,5,3,
1644,106a_2.jpg,lint roller,5,,
1645,106b_2.jpg,lint roller,5,4,
1646,107a_2.jpg,fluffy keychain,5,,
1647,107b_2.jpg,fluffy keychain,5,5,
1648,108a_1.jpg,old carriage,5,,
1649,108b_1.jpg,old carriage,5,5,
1650,109a_1.jpg,slinky,5,,
1651,109b_1.jpg,slinky,5,2,
1652,110a_2.jpg,sandwich,5,,
1653,110b_2.jpg,sandwich,5,5,
1654,111a_1.jpg,hair clip,5,,
1655,111b_1.jpg,hair clip,5,3,
1656,112a_1.jpg,coconut,5,,
1657,112b_1.jpg,coconut,5,5,
1658,114a_1.jpg,dice,5,,
1659,114b_1.jpg,dice,5,3,
1662,117a_2.jpg,rubber eraser,5,,
1663,117b_2.jpg,rubber eraser,5,3,
1664,118a_2.jpg,post card,5,,
1665,118b_2.jpg,post card,5,3,
1666,119a_1.jpg,standing mirror,5,,
1667,119b_1.jpg,standing mirror,5,1,
1668,120a_1.jpg,speaker podium,5,,
1669,120b_1.jpg,speaker podium,5,1,
1670,123a_1.jpg,door mat,5,,
1671,123b_1.jpg,door mat,5,2,
1672,124a_2.jpg,shopping cart,5,,
1673,124b_2.jpg,shopping cart,5,2,
1678,128a_2.jpg,hole puncher tool,5,,
1679,128b_2.jpg,hole puncher tool,5,4,
1680,129a_2.jpg,bell,5,,
1681,129b_2.jpg,bell,5,1,
1682,130a_2.jpg,kitchen water tap,5,,
1683,130b_2.jpg,kitchen water tap,5,1,
1684,131a_1.jpg,walnut in shell,5,,
1685,131b_1.jpg,walnut in shell,5,1,
1688,133a_1.jpg,kitchen spice collection,5,,
1689,133b_1.jpg,kitchen spice collection,5,2,
1690,135a_2.jpg,motorcycle,5,,
1691,135b_2.jpg,motorcycle,5,2,
1692,136a_2.jpg,garden drawf,5,,
1693,136b_2.jpg,garden drawf,5,2,
1694,137a_1.jpg,paper shredder,5,,
1695,137b_1.jpg,paper shredder,5,4,
1696,138a_1.jpg,jalape�o pepper,5,,
1697,138b_1.jpg,jalape�o pepper,5,5,
1698,139a_1.jpg,old gps,5,,
1699,139b_1.jpg,old gps,5,4,
1700,140a_2.jpg,plasma tv,5,,
1701,140b_2.jpg,plasma tv,5,4,
1702,141a_2.jpg,ear thermometer,5,,
1703,141b_2.jpg,ear thermometer,5,1,
1704,142a_2.jpg,rocking chair,5,,
1705,142b_2.jpg,rocking chair,5,2,
1706,143a_1.jpg,rollerblades,5,,
1707,143b_1.jpg,rollerblades,5,1,
1708,144a_1.jpg,golf cart,5,,
1709,144b_1.jpg,golf cart,5,3,
1710,146a_2.jpg,diamond,5,,
1711,146b_2.jpg,diamond,5,2,
1712,147a_2.jpg,gun,5,,
1713,147b_2.jpg,gun,5,1,
1716,149a_2.jpg,pasta server,5,,
1717,149b_2.jpg,pasta server,5,1,
1718,150a_2.jpg,fishing rod,5,,
1719,150b_2.jpg,fishing rod,5,3,
1720,152a_1.jpg,car rim,5,,
1721,152b_1.jpg,car rim,5,3,
1722,153a_2.jpg,towel,5,,
1723,153b_2.jpg,towel,5,2,
1724,154a_2.jpg,bull skull,5,,
1725,154b_2.jpg,bull skull,5,2,
1726,155a_2.jpg,bacon,5,,
1727,155b_2.jpg,bacon,5,4,
1728,157a_2.jpg,lobster,5,,
1729,157b_2.jpg,lobster,5,1,
1730,158a_1.jpg,berries,5,,
1731,158b_1.jpg,berries,5,5,
1736,163a_2.jpg,ladel,5,,
1737,163b_2.jpg,ladel,5,2,
1738,167a_2.jpg,basketball hoop,5,,
1739,167b_2.jpg,basketball hoop,5,2,
1742,170a_1.jpg,apple slider,5,,
1743,170b_1.jpg,apple slider,5,2,
1744,171a_2.jpg,laptop protector case,5,,
1745,171b_2.jpg,laptop protector case,5,3,
1746,172a_2.jpg,shoe rack,5,,
1747,172b_2.jpg,shoe rack,5,4,
1748,173a_2.jpg,hanger,5,,
1749,173b_2.jpg,hanger,5,5,
1750,174a_2.jpg,pasta,5,,
1751,174b_2.jpg,pasta,5,1,
1752,176a_1.jpg,studio lights,5,,
1753,176b_1.jpg,studio lights,5,5,
1754,177a_2.jpg,snail shell,5,,
1755,177b_2.jpg,snail shell,5,2,
1756,179a_1.jpg,satellite,5,,
1757,179b_1.jpg,satellite,5,2,
1758,180a_1.jpg,dolly,5,,
1759,180b_1.jpg,dolly,5,5,
1760,181a_1.jpg,chopstick canister,5,,
1761,181b_1.jpg,chopstick canister,5,3,
1762,182a_2.jpg,toy truck,5,,
1763,182b_2.jpg,toy truck,5,4,
1764,183a_1.jpg,sailboat maquette,5,,
1765,183b_1.jpg,sailboat maquette,5,5,
1766,184a_1.jpg,plush octopus,5,,
1767,184b_1.jpg,plush octopus,5,5,
1768,185a_1.jpg,bonbons,5,,
1769,185b_1.jpg,bonbons,5,4,
1770,186a_2.jpg,earplugs,5,,
1771,186b_2.jpg,earplugs,5,3,
1772,188a_2.jpg,football,5,,
1773,188b_2.jpg,football,5,1,
1774,189a_2.jpg,scale,5,,
1775,189b_2.jpg,scale,5,4,
1780,192a_2.jpg,tablet,5,,
1781,192b_2.jpg,tablet,5,3,
1784,002a.jpg,shoe lace,6,,
1785,002b.jpg,shoe lace,6,1,
1786,003a.jpg,trash bag,6,,
1787,003b.jpg,trash bag,6,1,
1796,008a.jpg,walntus,6,,
1797,008b.jpg,walnuts,6,2,
1800,010a.jpg,piggy bank,6,,
1801,010b.jpg,piggy bank,6,5,
1804,012a.jpg,doyley paper,6,,
1805,012b.jpg,doyley paper,6,1,
1806,014a.jpg,peppermint candies,6,,
1807,014b.jpg,peppermint candies,6,5,
1808,015a.jpg,cheeseburger,6,,
1809,015b.jpg,cheeseburger,6,4,
1810,016a.jpg,pills,6,,
1811,016b.jpg,pills,6,1,
1814,018a.jpg,sombrero,6,,
1815,018b.jpg,sombrero,6,4,
1816,019a.jpg,travel binders,6,,
1817,019b.jpg,travel binders,6,2,
1818,020a.jpg,cork screws,6,,
1819,020b.jpg,cork screws,6,2,
1820,021a.jpg,cruet set,6,,
1821,021b.jpg,cruet set,6,2,
1824,023a.jpg,chip bowl,6,,
1825,023b.jpg,chip bowl,6,3,
1826,024a.jpg,cards,6,,
1827,024b.jpg,cards,6,5,
1830,026a.jpg,cowboy boot,6,,
1831,026b.jpg,cowboy boot,6,3,
1832,027a.jpg,melon,6,,
1833,027b.jpg,melon,6,2,
1834,028a.jpg,tv,6,,
1835,028b.jpg,tv,6,1,
1836,029a.jpg,chop sticks,6,,
1837,029b.jpg,chop sticks,6,5,
1840,031a.jpg,oven and stove,6,,
1841,031b.jpg,oven and stove,6,1,
1844,034a.jpg,sponge,6,,
1845,034b.jpg,sponge,6,2,
1846,035a.jpg,dolphin stuffed animal,6,,
1847,035b.jpg,dolphin stuffed animal,6,4,
1848,036a.jpg,tulip bouquet,6,,
1849,036b.jpg,tulip bouquet,6,4,
1850,037a.jpg,broccoli,6,,
1851,037b.jpg,broccoli,6,3,
1854,039a.jpg,skies,6,,
1855,039b.jpg,skies,6,2,
1857,041a.jpg,wall lantern,6,,
1858,041b.jpg,wall lantern,6,3,
1859,042a.jpg,yoga mat,6,,
1860,042b.jpg,yoga mat,6,2,
1863,044a.jpg,eye patch,6,,
1864,044b.jpg,eye patch,6,3,
1865,045a.jpg,drums,6,,
1866,045b.jpg,drums,6,2,
1871,048a.jpg,fox,6,,
1872,048b.jpg,fox,6,4,
1877,053a.jpg,scrunchie,6,,
1878,053b.jpg,scrunchie,6,4,
1879,055a.jpg,oven mitt,6,,
1880,055b.jpg,oven mitt,6,4,
1881,056a.jpg,candy corn,6,,
1882,056b.jpg,candy corn,6,3,
1883,057a.jpg,light switches,6,,
1884,057b.jpg,light switches,6,1,
1887,059a.jpg,accordion,6,,
1888,059b.jpg,accordion,6,4,
1895,063a.jpg,sushi,6,,
1896,063b.jpg,sushi,6,2,
1897,064a.jpg,sunglasses,6,,
1898,064b.jpg,sunglasses,6,5,
1899,065a.jpg,music stand,6,,
1900,065b.jpg,music stand,6,3,
1901,066a.jpg,salami,6,,
1902,066b.jpg,salami,6,5,
1907,069a.jpg,camel,6,,
1908,069b.jpg,camel,6,4,
1909,071a.jpg,picnic basket,6,,
1910,071b.jpg,picnic basket,6,4,
1911,072a.jpg,mouse trap,6,,
1912,072b.jpg,mouse trap,6,3,
1913,073a.jpg,toilet paper,6,,
1914,073b.jpg,toilet paper,6,3,
1915,074a.jpg,flower petal,6,,
1916,074b.jpg,flower petal,6,4,
1917,075a.jpg,pocket watch,6,,
1918,075b.jpg,pocket watch,6,1,
1919,076a.jpg,slug,6,,
1920,076b.jpg,slug,6,4,
1921,077a.jpg,teeter totter,6,,
1922,077b.jpg,teeter totter,6,3,
1923,078a.jpg,helmet,6,,
1924,078b.jpg,helmet,6,1,
1925,080a.jpg,pear,6,,
1926,080b.jpg,pear,6,3,
1927,081a.jpg,dinosaur,6,,
1928,081b.jpg,dinosaur,6,2,
1930,083a.jpg,eraser,6,,
1931,083b.jpg,eraser,6,1,
1934,085a.jpg,door,6,,
1935,085b.jpg,door,6,1,
1942,090a.jpg,half log,6,,
1943,090b.jpg,half log,6,5,
1944,091a.jpg,metal detector,6,,
1945,091b.jpg,metal detector,6,3,
1946,092a.jpg,lei/flower necklace,6,,
1947,092b.jpg,lei/flower necklace,6,3,
1948,093a.jpg,chicken,6,,
1949,093b.jpg,chicken,6,1,
1950,094a.jpg,quill and inkwell,6,,
1951,094b.jpg,quill and inkwell,6,1,
1952,095a.jpg,rubik's cube,6,,
1953,095b.jpg,rubik's cube,6,5,
1956,097a.jpg,silhouette,6,,
1957,097b.jpg,silhouette,6,5,
1958,098a.jpg,staples,6,,
1959,098b.jpg,staples,6,3,
1962,100a.jpg,medal,6,,
1963,100b.jpg,medal,6,2,
1964,101a.jpg,exit sign,6,,
1965,101b.jpg,exit sign,6,1,
1966,102a.jpg,doll,6,,
1967,102b.jpg,doll,6,2,
1968,103a.jpg,violin,6,,
1969,103b.jpg,violin,6,3,
1970,105a.jpg,newspapers,6,,
1971,105b.jpg,newspapers,6,5,
1972,106a.jpg,tissue box,6,,
1973,106b.jpg,tissue box,6,5,
1978,109a.jpg,chair stack,6,,
1979,109b.jpg,chair stack,6,5,
1980,110a.jpg,paint and brush,6,,
1981,110b.jpg,paint and brush,6,5,
1982,111a.jpg,dishes and rack,6,,
1983,111b.jpg,dishes and rack,6,3,
1984,112a.jpg,teddy bear,6,,
1985,112b.jpg,teddy bear,6,5,
1986,113a.jpg,boxing gloves,6,,
1987,113b.jpg,boxing gloves,6,3,
1988,115a.jpg,screw,6,,
1989,115b.jpg,screw,6,3,
1990,116a.jpg,goldfish,6,,
1991,116b.jpg,goldfish,6,2,
1992,117a.jpg,voting sticker,6,,
1993,117b.jpg,voting sticker,6,5,
1994,118a.jpg,scarf,6,,
1995,118b.jpg,scarf,6,5,
1996,120a.jpg,light,6,,
1997,120b.jpg,light,6,2,
1998,122a.jpg,peeler,6,,
1999,122b.jpg,peeler,6,5,
2000,126a.jpg,dog house,6,,
2001,126b.jpg,dog house,6,2,
2002,127a.jpg,martini,6,,
2003,127b.jpg,martini,6,5,
2006,129a.jpg,band-aid,6,,
2007,129b.jpg,band-aid,6,1,
2008,131a.jpg,gift bag,6,,
2009,131b.jpg,gift bag,6,5,
2010,132a.jpg,sunscreen,6,,
2011,132b.jpg,sunscreen,6,5,
2012,133a.jpg,hose,6,,
2013,133b.jpg,hose,6,4,
2018,136a.jpg,hourglass timer,6,,
2019,136b.jpg,hourglass timer,6,4,
2026,141a.jpg,heater,6,,
2027,141b.jpg,heater,6,2,
2030,143a.jpg,cast,6,,
2031,143b.jpg,cast,6,5,
2032,144a.jpg,gift basket,6,,
2033,144b.jpg,gift basket,6,4,
2034,145a.jpg,plum,6,,
2035,145b.jpg,plum,6,4,
2036,146a.jpg,toy whale,6,,
2037,146b.jpg,toy whale,6,1,
2038,147a.jpg,dish set,6,,
2039,147b.jpg,dish set,6,1,
2042,149a.jpg,refrigerator,6,,
2043,149b.jpg,refrigerator,6,1,
2044,150a.jpg,manikin,6,,
2045,150b.jpg,manikin,6,1,
2046,151a.jpg,toy soldier,6,,
2047,151b.jpg,toy soldier,6,4,
2048,152a.jpg,celery,6,,
2049,152b.jpg,celery,6,2,
2050,153a.jpg,journal,6,,
2051,153b.jpg,journal,6,3,
2052,154a.jpg,washer machine,6,,
2053,154b.jpg,washer machine,6,3,
2054,155a.jpg,plier,6,,
2055,155b.jpg,plier,6,4,
2056,156a.jpg,purse,6,,
2057,156b.jpg,purse,6,5,
2058,158a.jpg,bagel,6,,
2059,158b.jpg,bagel,6,4,
2062,161a.jpg,golf ball,6,,
2063,161b.jpg,golf ball,6,2,
2066,163a.jpg,toy rocket,6,,
2067,163b.jpg,toy rocket,6,4,
2068,165a.jpg,pen,6,,
2069,165b.jpg,pen,6,4,
2070,166a.jpg,onion,6,,
2071,166b.jpg,onion,6,1,
2072,167a.jpg,hand print,6,,
2073,167b.jpg,hand print,6,2,
2074,168a.jpg,curling iron,6,,
2075,168b.jpg,curling iron,6,3,
2078,171a.jpg,guitar,6,,
2079,171b.jpg,guitar,6,1,
2080,172a.jpg,street light,6,,
2081,172b.jpg,street light,6,1,
2082,173a.jpg,ketchup,6,,
2083,173b.jpg,ketchup,6,3,
2084,174a.jpg,ladle,6,,
2085,174b.jpg,ladle,6,3,
2086,175a.jpg,grater,6,,
2087,175b.jpg,grater,6,1,
2088,176a.jpg,cart,6,,
2089,176b.jpg,cart,6,4,
2090,177a.jpg,bow and arrow,6,,
2091,177b.jpg,bow and arrow,6,5,
2092,179a.jpg,tongs,6,,
2093,179b.jpg,tongs,6,2,
2094,180a.jpg,stuffed animal,6,,
2095,180b.jpg,stuffed animal,6,2,
2097,183a.jpg,furniture chair,6,,
2098,183b.jpg,furniture chair,6,5,
2101,185a.jpg,pen with grip adapters,6,,
2102,185b.jpg,pencil with grip adapters,6,4,
2103,187a.jpg,banana,6,,
2104,187b.jpg,banana,6,3,
2105,188a.jpg,battery,6,,
2106,188b.jpg,battery,6,3,
2111,191a.jpg,potato,6,,
2112,191b.jpg,potato,6,2,
2113,192a.jpg,clover,6,,
2114,192b.jpg,clover,6,4,
2115,003a.jpg,pinecone,c,,
2116,003b.jpg,pinecone,c,4,
2127,026a.jpg,hourglass,c,,
2128,026b.jpg,hourglass,c,4,
2133,033a.jpg,microscopes,c,,
2134,033b.jpg,microscopes,c,1,
2135,034a.jpg,paintbrush,c,,
2136,034b.jpg,paintbrush,c,2,
2137,035a.jpg,pliers,c,,Duplicate of set 6 #155
2138,035b.jpg,pliers,c,4,Duplicate of set 6 #155
2141,038a.jpg,ping pong racket,c,,Duplicate of 110 from set 2 (both ping pong paddles)
2142,038b.jpg,ping pong racket,c,5,Duplicate of 110 from set 2 (both ping pong paddles)
2143,039a.jpg,hand-shovel,c,,
2144,039b.jpg,hand-shovel,c,5,
2147,044a.jpg,wagon,c,,
2148,044b.jpg,wagon,c,1,
2155,055a.jpg,potted plant bulb,c,,
2156,055b.jpg,potted plant bulb,c,1,
2157,059a.jpg,measuring tape,c,,Duplicate of set 4 #141
2158,059b.jpg,measuring tape,c,4,Duplicate of set 4 #141
2159,060a.jpg,archery set,c,,
2160,060b.jpg,archery set,c,5,
2163,063a.jpg,palette,c,,
2164,063b.jpg,palette,c,5,
2171,075a.jpg,clock necklace,c,,
2172,075b.jpg,clock necklace,c,1,
2173,082a.jpg,cheese shredder,c,,
2174,082b.jpg,cheese shredder,c,2,
2175,083a.jpg,arm chair,c,,
2176,083b.jpg,arm chair,c,5,
2177,085a.jpg,chainshaw,c,,
2178,085b.jpg,chainshaw,c,1,
2179,088a.jpg,bathtub plug,c,,
2180,088b.jpg,bathtub plug,c,4,
2183,101a.jpg,plate set,c,,
2184,101b.jpg,plate set,c,2,
2187,105a.jpg,tricycle,c,,
2188,105b.jpg,tricycle,c,2,
2189,107a.jpg,paper map,c,,
2190,107b.jpg,paper map,c,1,Duplicate from set 1 image 99
2197,113a.jpg,mailbox slot,c,,Duplicate from set 1 image 99
2203,131a.jpg,string trimmer,c,,
2204,131b.jpg,string trimmer,c,2,
2205,133a.jpg,fish bait,c,,
2206,133b.jpg,fish bait,c,5,
2213,146a.jpg,thermometer reader,c,,
2214,146b.jpg,thermometer reader,c,5,
2215,147a.jpg,brithday cake,c,,
2216,147b.jpg,brithday cake,c,5,
2219,157a.jpg,floor lamp,c,,
2220,157b.jpg,floor lamp,c,3,
2223,163a.jpg,tool box,c,,Duplicate from set 1 image 68
2224,163b.jpg,tool box,c,3,Duplicate from set 1 image 68
2231,171a.jpg,hokey stick,c,,
2232,171b.jpg,hokey stick,c,4,
2237,177a.jpg,shelf rack,c,,
2238,177b.jpg,shelf rack,c,1,
2239,179a.jpg,crystal container,c,,
2240,179b.jpg,crystal container,c,3,
2241,186a.jpg,water refill container,c,,
2242,186b.jpg,water refill container,c,3,
2243,188a.jpg,ring box,c,,
2244,188b.jpg,ring box,c,5,
2245,190a.jpg,garlic presser,c,,
2246,190b.jpg,garlic presser,c,4,
2247,001a_2.jpg,light swtich,d,,Duplicate from set 6 #57
2248,001b_2.jpg,light swtich,d,1,Duplicate from set 6 #57
2249,002a_2.jpg,vise,d,,
2250,002b_2.jpg,vise,d,1,
2251,006a_1.jpg,four leaf clover,d,,
2252,006b_1.jpg,four leaf clover,d,4,
2253,007a_2.jpg,chessboard,d,,Duplicate from set 2 image 192
2254,007b_2.jpg,chessboard,d,4,Duplicate from set 2 image 192
2255,009a_1.jpg,glasses,d,,
2256,009b_1.jpg,glasses,d,2,
2261,019a_2.jpg,chalk borad,d,,Duplicate from set 2 #84
2262,019b_2.jpg,chalk borad,d,3,Duplicate from set 2 #84
2265,025a_1.jpg,hiking backpack,d,,
2266,025b_1.jpg,hiking backpack,d,4,
2267,029a_2.jpg,lillies,d,,
2268,029b_2.jpg,lillies,d,3,
2269,031a_2.jpg,golf clubs,d,,
2270,031b_2.jpg,golf clubs,d,1,
2271,036a_1.jpg,ceiling light,d,,
2272,036b_1.jpg,ceiling light,d,2,
2281,053a_1.jpg,mannequin head,d,,
2282,053b_1.jpg,mannequin head,d,1,
2283,056a_2.jpg,laptop,d,,
2284,056b_2.jpg,laptop,d,4,
2285,059a_1.jpg,halloween pumpkin,d,,
2286,059b_1.jpg,halloween pumpkin,d,5,
2291,066a_1.jpg,digital camera,d,,
2292,066b_1.jpg,digital camera,d,2,
2293,075a_1.jpg,bunny,d,,
2294,075b_1.jpg,bunny,d,4,Duplicate from set 2 #001
2302,084b_1.jpg,loaded baked potato,d,4,Duplicate from set 3 image #117
2303,085a_2.jpg,power jig saw,d,,
2304,085b_2.jpg,power jig saw,d,4,
2307,092a_1.jpg,race car toy,d,,
2308,092b_1.jpg,race car toy,d,5,
2311,102a_1.jpg,plastic bin,d,,
2312,102b_1.jpg,plastic bin,d,3,Duplicate from set 4 image #03
2318,115b_2.jpg,manual pump,d,2,Duplicate from set 1 image 187
2321,126a_1.jpg,green bean,d,,
2322,126b_1.jpg,green bean,d,2,
2327,133a_1.jpg,kitchen brush,d,,
2328,133b_1.jpg,kitchen brush,d,5,
2329,135a_2.jpg,flower necklace,d,,
2330,135b_2.jpg,flower necklace,d,4,
2331,136a_2.jpg,baseball gloves,d,,
2332,136b_2.jpg,baseball gloves,d,2,
2333,138a_1.jpg,kenu,d,,
2334,138b_1.jpg,kenu,d,1,
2335,146a_2.jpg,paper towel,d,,
2336,146b_2.jpg,paper towel,d,3,
2337,147a_2.jpg,tissues,d,,Duplicate of set 6 image 106
2338,147b_2.jpg,tissues,d,5,Duplicate of set 6 image 106
2339,151a_2.jpg,ipod player,d,,
2340,151b_2.jpg,ipod player,d,5,
2343,157a_2.jpg,coffee thermos,d,,
2344,157b_2.jpg,coffee thermos,d,5,
2345,166a_2.jpg,leather couch,d,,Duplicate of set 2 image 180
2346,166b_2.jpg,leather couch,d,5,Duplicate of set 2 image 180
2347,168a_1.jpg,glass of wine,d,,Duplicate of set 2 #57
2348,168b_1.jpg,glass of wine,d,4,Duplicate of set 2 #57
2349,169a_2.jpg,heating pad,d,,
2350,169b_2.jpg,heating pad,d,5,
2353,177a_2.jpg,front door,d,,
2354,177b_2.jpg,front door,d,1,
2355,180a_1.jpg,plush goat,d,,
2356,180b_1.jpg,plush goat,d,1,
2359,186a_2.jpg,thinker statue,d,,
2360,186b_2.jpg,thinker statue,d,3,
2363,192a_2.jpg,laundry basket,d,,
2364,192b_2.jpg,laundry basket,d,1,
2365,003a_2.jpg,bunny slippers,e,,
2366,003b_2.jpg,bunny slippers,e,5,
2369,021a_2.jpg,door knob,e,,
2370,021b_2.jpg,door knob,e,4,
2373,023a_2.jpg,silverware,e,,
2374,023b_2.jpg,silverware,e,1,
2379,029a_2.jpg,electric hand mixer,e,,Duplicate of set 3 #86
2380,029b_2.jpg,electric hand mixer,e,2,Duplicate of set 3 #86
2381,032a_1.jpg,coffee maker,e,,
2382,032b_1.jpg,coffee maker,e,3,
2391,052a_2.jpg,rubics cube,e,,Duplicate of set 6 image 95
2392,052b_2.jpg,rubics cube,e,4,Duplicate of set 6 image 95
2393,058a_2.jpg,bobby pin,e,,
2394,058b_2.jpg,bobby pin,e,2,
2395,059a_1.jpg,cat carrier,e,,
2396,059b_1.jpg,cat carrier,e,1,
2397,060a_1.jpg,domino,e,,
2398,060b_1.jpg,domino,e,2,
2402,070a_2.jpg,pet food,e,,
2403,070b_2.jpg,pet food,e,3,
2404,071a_1.jpg,paper lamp cover,e,,
2405,071b_1.jpg,paper lamp cover,e,1,
2408,075a_1.jpg,bathing suit,e,,
2409,075b_1.jpg,bathing suit,e,5,
2410,078a_1.jpg,contact lense holder,e,,
2411,078b_1.jpg,contact lense holder,e,5,
2412,079a_1.jpg,toy dinosaur,e,,
2413,079b_1.jpg,toy dinosaur,e,3,
2418,090a_1.jpg,toy house,e,,
2419,090b_1.jpg,toy house,e,2,
2422,097a_1.jpg,frying pan,e,,Duplicate of set 3 image 13
2423,097b_1.jpg,frying pan,e,2,Duplicate of set 3 image 13
2426,101a_2.jpg,cotton swab,e,,
2427,101b_2.jpg,cotton swab,e,5,
2428,109a_1.jpg,bowl of cereal,e,,
2429,109b_1.jpg,bowl of cereal,e,2,
2432,112a_1.jpg,oil and vinegar cruet,e,,
2433,112b_1.jpg,oil and vinegar cruet,e,1,
2436,115a_2.jpg,swan,e,,
2437,115b_2.jpg,swan,e,5,
2444,134a_2.jpg,cantelope,e,,
2445,134b_2.jpg,cantelope,e,5,
2446,135a_2.jpg,pastry,e,,
2447,135b_2.jpg,pastry,e,5,
2448,136a_2.jpg,airplane toy,e,,
2449,136b_2.jpg,airplane toy,e,4,
2452,140a_2.jpg,traffic light,e,,
2453,140b_2.jpg,traffic light,e,4,
2454,141a_2.jpg,cinnabon,e,,
2455,141b_2.jpg,cinnabon,e,5,Duplicate from set 1 image 161
2468,158a_1.jpg,stepping stool,e,,Duplicate from set 1 image 161
2474,162a_2.jpeg,gold jar,e,,
2475,162b_2.jpg,gold jar,e,3,
2476,165a_1.jpg,shake,e,,
2477,165b_1.jpg,shake,e,5,
2478,167a_2.jpg,snow plow,e,,
2479,167b_2.jpg,snow plow,e,5,
2482,172a_2.jpg,sushi roll,e,,
2483,172b_2.jpg,sushi roll,e,4,
2484,174a_2.jpg,tandem,e,,
2485,174b_2.jpg,tandem,e,5,
2488,181a_1.jpg,patio heater,e,,
2489,181b_1.jpg,patio heater,e,2,
2490,183a_1.jpg,track obstacle,e,,
2491,183b_1.jpg,track obstacle,e,4,
2496,001a_2.jpg,potato peeler,f,,
2497,001b_2.jpg,potato peeler,f,4,
2498,005a_2.jpg,clipboard,f,,
2499,005b_2.jpg,clipboard,f,1,
2500,006a_1.jpg,easel,f,,
2501,006b_1.jpg,easel,f,2,
2502,012a_2.jpg,cafesign,f,,
2503,012b_2.jpg,cafesign,f,5,
2506,023a_2.jpg,oven,f,,
2507,023b_2.jpg,oven,f,1,
2508,025a_1.jpg,airpot coffee dispenser,f,,
2509,025b_1.jpg,airpot coffee dispenser,f,3,
2510,027a_2.jpg,insents,f,,
2511,027b_2.jpg,insents,f,4,
2512,034a_2.jpg,parade mask,f,,
2513,034b_2.jpg,parade mask,f,1,
2514,038a_2.jpg,tonks,f,,
2515,038b_2.jpg,tonks,f,2,
2518,045a_1.jpg,band aid,f,,
2519,045b_1.jpg,band aid,f,1,
2522,053a_1.jpg,chello,f,,Duplicate from set 3 image #152
2523,053b_1.jpg,chello,f,3,Duplicate from set 3 image #152
2524,058a_2.jpg,hair tie,f,,
2525,058b_2.jpg,hair tie,f,4,
2526,059a_1.jpg,loudspeaker,f,,
2527,059b_1.jpg,loudspeaker,f,1,
2528,067a_1.jpg,rumba shaker,f,,
2529,067b_1.jpg,rumba shaker,f,4,
2530,069a_2.jpg,xilophone,f,,
2531,069b_2.jpg,xilophone,f,3,
2532,076a_2.jpg,petri dish,f,,
2533,076b_2.jpg,petri dish,f,5,
2534,081a_1.jpg,silverware with tray,f,,
2535,081b_1.jpg,silverware with tray,f,2,
2536,088a_1.jpg,cleaning gloves,f,,
2537,088b_1.jpg,cleaning gloves,f,2,
2538,090a_1.jpg,cocktail,f,,
2539,090b_1.jpg,cocktail,f,4,
2544,097a_1.jpg,dish rack,f,,
2545,097b_1.jpg,dish rack,f,3,
2546,098a_1.jpg,walnut,f,,Duplicate from set 6 image #08
2547,098b_1.jpg,walnut,f,2,Duplicate from set 6 image #08
2548,099a_2.jpg,cuticle cutter,f,,
2549,099b_2.jpg,cuticle cutter,f,3,
2550,109a_1.jpg,tennis shoes,f,,Duplicate from set 2 #160
2551,109b_1.jpg,tennis shoes,f,1,Duplicate from set 2 #160
2552,120a_1.jpg,burger,f,,Duplicate from set 6 image 15
2553,120b_1.jpg,burger,f,4,Duplicate from set 6 image 15
2554,130a_2.jpg,clip?,f,,
2555,130b_2.jpg,clip?,f,3,
2556,132a_2.jpg,whale toy,f,,Duplicate from set 6 image 146
2557,132b_2.jpg,whale toy,f,1,Duplicate from set 6 image 146
2558,135a_2.jpg,defibrillator,f,,
2559,135b_2.jpg,defibrillator,f,5,
2560,136a_2.jpg,wistle,f,,Duplicate from set 3 image 53
2561,136b_2.jpg,wistle,f,3,Duplicate from set 3 image 53
2564,144a_1.jpg,thread,f,,
2565,144b_1.jpg,thread,f,5,
2572,159a_1.jpg,chopsticks,f,,
2573,159b_1.jpg,chopsticks,f,5,
2576,168a_1.jpg,handprint,f,,
2577,168b_1.jpg,handprint,f,2,
2580,171a_2.jpg,i voted,f,,Duplicate from set 6 image 117
2581,171b_2.jpg,i voted,f,5,Duplicate from set 6 image 117
2582,175a_1.jpg,plastic container,f,,
2583,175b_1.jpg,plastic container,f,5,